,DISPLAY_LAST_COMMA_FIRST,TEAM_CITY,GAMES_PLAYED_FLAG,TEAM_CODE,TO_YEAR,TEAM_NAME,PLAYERCODE,DISPLAY_FIRST_LAST,PERSON_ID,FROM_YEAR,TEAM_ABBREVIATION,ROSTERSTATUS,FT_RATE15,FT_RATE14,FT_RATE130,"Acy, Quincy",Sacramento,Y,kings,2016,Kings,quincy_acy,Quincy Acy,203112,2012,SAC,1,0.735,0.784,0.6251,"Adams, Jordan",Memphis,Y,grizzlies,2016,Grizzlies,jordan_adams,Jordan Adams,203919,2014,MEM,1,0.6,0.609,-12,"Adams, Steven",Oklahoma City,Y,thunder,2016,Thunder,steven_adams,Steven Adams,203500,2013,OKC,1,0.582,0.502,0.5813,"Adrien, Jeff",Milwaukee,Y,bucks,2014,Bucks,jeff_adrien,Jeff Adrien,202399,2010,MIL,1,-1,0.579,0.524,"Afflalo, Arron",New York,Y,knicks,2016,Knicks,arron_afflalo,Arron Afflalo,201167,2007,NYK,1,0.84,0.841,0.8155,"Ajinca, Alexis",New Orleans,Y,pelicans,2016,Pelicans,alexis_ajinca,Alexis Ajinca,201582,2008,NOP,1,0.839,0.818,0.8366,"Aldemir, Furkan",Philadelphia,Y,sixers,2014,76ers,furkan_aldemir,Furkan Aldemir,203128,2014,PHI,1,-1,0.481,-17,"Aldrich, Cole",LA,Y,clippers,2016,Clippers,cole_aldrich,Cole Aldrich,202332,2010,LAC,1,0.714,0.781,0.8678,"Aldridge, LaMarcus",San Antonio,Y,spurs,2016,Spurs,lamarcus_aldridge,LaMarcus Aldridge,200746,2006,SAS,1,0.858,0.845,0.8229,"Alexander, Cliff",Portland,Y,blazers,2016,Trail Blazers,cliff_alexander,Cliff Alexander,1626146,2015,POR,1,0,-1,-110,"Allen, Lavoy",Indiana,Y,pacers,2016,Pacers,lavoy_allen,Lavoy Allen,202730,2011,IND,1,0.63,0.702,0.67511,"Allen, Ray",Miami,Y,heat,2013,Heat,ray_allen,Ray Allen,951,1996,MIA,1,-1,-1,0.90512,"Allen, Tony",Memphis,Y,grizzlies,2016,Grizzlies,tony_allen,Tony Allen,2754,2004,MEM,1,0.652,0.627,0.62813,"Aminu, Al-Farouq",Portland,Y,blazers,2016,Trail Blazers,al-farouq_aminu,Al-Farouq Aminu,202329,2010,POR,1,0.737,0.712,0.66414,"Amundson, Lou",New York,Y,knicks,2016,Knicks,lou_amundson,Lou Amundson,200811,2006,NYK,1,0.519,0.6,0.2515,"Andersen, Chris",Memphis,Y,grizzlies,2016,Grizzlies,chris_andersen,Chris Andersen,2365,2001,MEM,1,0.75,0.667,0.7116,"Anderson, Alan",Washington,Y,wizards,2016,Wizards,alan_anderson,Alan Anderson,101187,2005,WAS,1,0.733,0.812,0.7817,"Anderson, James",Sacramento,Y,kings,2015,Kings,james_anderson,James Anderson,202341,2010,SAC,1,0.759,-1,0.72618,"Anderson, Justin",Dallas,Y,mavericks,2016,Mavericks,justin_anderson,Justin Anderson,1626147,2015,DAL,1,0.8,-1,-119,"Anderson, Kyle",San Antonio,Y,spurs,2016,Spurs,kyle_anderson,Kyle Anderson,203937,2014,SAS,1,0.747,0.643,-120,"Anderson, Ryan",New Orleans,Y,pelicans,2016,Pelicans,ryan_j_anderson,Ryan Anderson,201583,2008,NOP,1,0.873,0.854,0.95221,"Antetokounmpo, Giannis",Milwaukee,Y,bucks,2016,Bucks,giannis_antetokounmpo,Giannis Antetokounmpo,203507,2013,MIL,1,0.724,0.741,0.68322,"Antetokounmpo, Thanasis",,Y,,2015,,thanasis_antetokounmpo,Thanasis Antetokounmpo,203648,2015,,0,0,-1,-123,"Anthony, Carmelo",New York,Y,knicks,2016,Knicks,carmelo_anthony,Carmelo Anthony,2546,2003,NYK,1,0.829,0.797,0.84824,"Anthony, Joel",Detroit,Y,pistons,2016,Pistons,joel_anthony,Joel Anthony,201202,2007,DET,1,0.75,0.682,125,"Antic, Pero",Atlanta,Y,hawks,2014,Hawks,pero_antic,Pero Antic,203544,2013,ATL,1,-1,0.715,0.75826,"Appling, Keith",,Y,,2015,,keith_appling,Keith Appling,203951,2015,,0,1,-1,-127,"Ariza, Trevor",Houston,Y,rockets,2016,Rockets,trevor_ariza,Trevor Ariza,2772,2004,HOU,1,0.783,0.853,0.77228,"Armstrong, Hilton",Golden State,Y,warriors,2013,Warriors,hilton_armstrong,Hilton Armstrong,200756,2006,GSW,1,-1,-1,0.43829,"Arthur, Darrell",Denver,Y,nuggets,2016,Nuggets,darrell_arthur,Darrell Arthur,201589,2008,DEN,1,0.755,0.78,0.85530,"Asik, Omer",New Orleans,Y,pelicans,2016,Pelicans,omer_asik,Omer Asik,201600,2010,NOP,1,0.545,0.582,0.61931,"Augustin, D.J.",Denver,Y,nuggets,2016,Nuggets,dj_augustin,D.J. Augustin,201571,2008,DEN,1,0.765,0.87,132,"Ayon, Gustavo",Atlanta,Y,hawks,2013,Hawks,gustavo_ayon,Gustavo Ayon,202970,2011,ATL,1,-1,-1,0.433,"Ayres, Jeff",LA,Y,clippers,2016,Clippers,jeff_ayres,Jeff Ayres,201965,2009,LAC,1,1,0.75,0.69134,"Babb, Chris",Boston,Y,celtics,2014,Celtics,chris_babb,Chris Babb,203569,2013,BOS,1,-1,-1,035,"Babb, Chris",Boston,Y,celtics,2014,Celtics,chris_babb,Chris Babb,203569,2013,BOS,1,-1,-1,036,"Babbitt, Luke",New Orleans,Y,pelicans,2016,Pelicans,luke_babbitt,Luke Babbitt,202337,2010,NOP,1,0.78,0.684,0.77837,"Bairstow, Cameron",Detroit,Y,pistons,2016,Pistons,cameron_bairstow,Cameron Bairstow,203946,2014,DET,1,0.875,0.8,-138,"Bairstow, Cameron",Chicago,Y,bulls,2016,Bulls,cameron_bairstow,Cameron Bairstow,203946,2014,CHI,1,0.875,0.8,-139,"Barbosa, Leandro",Golden State,Y,warriors,2016,Warriors,leandro_barbosa,Leandro Barbosa,2571,2003,GSW,1,0.839,0.784,0.79540,"Barea, Jose Juan",Dallas,Y,mavericks,2016,Mavericks,jose_barea,Jose Juan Barea,200826,2006,DAL,1,0.771,0.809,0.7941,"Bargnani, Andrea",,Y,,2015,,andrea_bargnani,Andrea Bargnani,200745,2006,,0,0.825,0.813,0.82442,"Bargnani, Andrea",New York,Y,knicks,2015,Knicks,andrea_bargnani,Andrea Bargnani,200745,2006,NYK,1,0.825,0.813,0.82443,"Barnes, Harrison",Golden State,Y,warriors,2016,Warriors,harrison_barnes,Harrison Barnes,203084,2012,GSW,1,0.761,0.72,0.71844,"Barnes, Matt",Memphis,Y,grizzlies,2016,Grizzlies,matt_barnes,Matt Barnes,2440,2002,MEM,1,0.804,0.779,0.73345,"Barron, Earl",Phoenix,Y,suns,2014,Suns,earl_barron,Earl Barron,2853,2005,PHX,1,-1,0.5,-146,"Barton, Will",Denver,Y,nuggets,2016,Nuggets,will_barton,Will Barton,203115,2012,DEN,1,0.806,0.667,0.81347,"Bass, Brandon",Los Angeles,Y,lakers,2016,Lakers,brandon_bass,Brandon Bass,101138,2005,LAL,1,0.845,0.79,0.85848,"Battier, Shane",Miami,Y,heat,2013,Heat,shane_battier,Shane Battier,2203,2001,MIA,1,-1,-1,0.65249,"Batum, Nicolas",Charlotte,Y,hornets,2016,Hornets,nicolas_batum,Nicolas Batum,201587,2008,CHA,1,0.849,0.857,0.80350,"Bayless, Jerryd",Milwaukee,Y,bucks,2016,Bucks,jerryd_bayless,Jerryd Bayless,201573,2008,MIL,1,0.778,0.883,0.78951,"Baynes, Aron",Detroit,Y,pistons,2016,Pistons,aron_baynes,Aron Baynes,203382,2012,DET,1,0.764,0.865,0.90552,"Bazemore, Kent",Atlanta,Y,hawks,2016,Hawks,kent_bazemore,Kent Bazemore,203145,2012,ATL,1,0.815,0.6,0.52853,"Beal, Bradley",Washington,Y,wizards,2016,Wizards,bradley_beal,Bradley Beal,203078,2012,WAS,1,0.767,0.783,0.78854,"Beasley, Michael",Houston,Y,rockets,2016,Rockets,michael_beasley,Michael Beasley,201563,2008,HOU,1,0.776,0.769,0.77255,"Belinelli, Marco",Sacramento,Y,kings,2016,Kings,marco_belinelli,Marco Belinelli,201158,2007,SAC,1,0.833,0.848,0.84756,"Benimon, Jerrelle",,Y,,2014,,jerrelle_benimon,Jerrelle Benimon,203968,2014,,0,-1,0,-157,"Bennett, Anthony",,Y,,2016,,anthony_bennett,Anthony Bennett,203461,2013,,0,0.9,0.641,0.63858,"Beverley, Patrick",Houston,Y,rockets,2016,Rockets,patrick_beverley,Patrick Beverley,201976,2012,HOU,1,0.682,0.75,0.81459,"Bhullar, Sim",,Y,,2014,,sim_bhullar,Sim Bhullar,204021,2014,,0,-1,0,-160,"Biedrins, Andris",,Y,,2013,,andris_biedrins,Andris Biedrins,2740,2004,,0,-1,-1,0.16761,"Billups, Chauncey",Detroit,Y,pistons,2013,Pistons,chauncey_billups,Chauncey Billups,1497,1997,DET,1,-1,-1,0.83362,"Biyombo, Bismack",Toronto,Y,raptors,2016,Raptors,bismack_biyombo,Bismack Biyombo,202687,2011,TOR,1,0.628,0.583,0.51763,"Bjelica, Nemanja",Minnesota,Y,timberwolves,2016,Timberwolves,nemanja_bjelica,Nemanja Bjelica,202357,2015,MIN,1,0.727,-1,-164,"Black, Tarik",Los Angeles,Y,lakers,2016,Lakers,tarik_black,Tarik Black,204028,2014,LAL,1,0.422,0.517,-165,"Blair, DeJuan",,Y,,2015,,dejuan_blair,DeJuan Blair,201971,2009,,0,0.385,0.667,0.63666,"Blair, DeJuan",Washington,Y,wizards,2015,Wizards,dejuan_blair,DeJuan Blair,201971,2009,WAS,1,0.385,0.667,0.63667,"Blake, Steve",Detroit,Y,pistons,2015,Pistons,steve_blake,Steve Blake,2581,2003,DET,1,0.8,0.707,0.868,"Blatche, Andray",Brooklyn,Y,nets,2013,Nets,andray_blatche,Andray Blatche,101154,2005,BKN,1,-1,-1,0.74269,"Bledsoe, Eric",Phoenix,Y,suns,2016,Suns,eric_bledsoe,Eric Bledsoe,202339,2010,PHX,1,0.802,0.8,0.77270,"Blue, Vander",Los Angeles,Y,lakers,2014,Lakers,vander_blue,Vander Blue,203505,2013,LAL,1,-1,0.4,0.271,"Bogans, Keith",Boston,Y,celtics,2013,Celtics,keith_bogans,Keith Bogans,2586,2003,BOS,1,-1,-1,172,"Bogdanovic, Bojan",Brooklyn,Y,nets,2016,Nets,bojan_bogdanovic,Bojan Bogdanovic,202711,2014,BKN,1,0.833,0.821,-173,"Bogut, Andrew",Golden State,Y,warriors,2016,Warriors,andrew_bogut,Andrew Bogut,101106,2005,GSW,1,0.48,0.524,0.34474,"Bonner, Matt",San Antonio,Y,spurs,2015,Spurs,matt_bonner,Matt Bonner,2588,2004,SAS,1,0.75,0.811,0.7575,"Booker, Devin",Phoenix,Y,suns,2016,Suns,devin_booker,Devin Booker,1626164,2015,PHX,1,0.84,-1,-176,"Booker, Trevor",Utah,Y,jazz,2016,Jazz,trevor_booker,Trevor Booker,202344,2010,UTA,1,0.67,0.581,0.61877,"Boozer, Carlos",Los Angeles,Y,lakers,2014,Lakers,carlos_boozer,Carlos Boozer,2430,2002,LAL,1,-1,0.627,0.76778,"Bosh, Chris",Miami,Y,heat,2016,Heat,chris_bosh,Chris Bosh,2547,2003,MIA,1,0.795,0.772,0.8279,"Bradley, Avery",Boston,Y,celtics,2016,Celtics,avery_bradley,Avery Bradley,202340,2010,BOS,1,0.78,0.79,0.80480,"Brand, Elton",Philadelphia,Y,sixers,2016,76ers,elton_brand,Elton Brand,1882,1999,PHI,1,0.889,0.522,0.64981,"Brewer, Corey",Houston,Y,rockets,2016,Rockets,corey_brewer,Corey Brewer,201147,2007,HOU,1,0.75,0.705,0.71882,"Brewer, Ronnie",Chicago,Y,bulls,2013,Bulls,ronnie_brewer,Ronnie Brewer,200758,2006,CHI,1,-1,-1,083,"Brooks, Aaron",Chicago,Y,bulls,2016,Bulls,aaron_brooks,Aaron Brooks,201166,2007,CHI,1,0.766,0.833,0.84184,"Brooks, MarShon",Los Angeles,Y,lakers,2013,Lakers,marshon_brooks,MarShon Brooks,202705,2011,LAL,1,-1,-1,0.78685,"Brown, Anthony",Los Angeles,Y,lakers,2016,Lakers,anthony_brown,Anthony Brown,1626148,2015,LAL,1,0.85,-1,-186,"Brown, Jabari",Los Angeles,Y,lakers,2014,Lakers,jabari_brown,Jabari Brown,203913,2014,LAL,1,-1,0.753,-187,"Brown, Lorenzo",Detroit,Y,pistons,2016,Pistons,lorenzo_brown,Lorenzo Brown,203485,2013,DET,1,0.75,0.632,0.69288,"Brown, Markel",Brooklyn,Y,nets,2016,Nets,markel_brown,Markel Brown,203900,2014,BKN,1,0.755,0.825,-189,"Brown, Shannon",New York,Y,knicks,2014,Knicks,shannon_brown,Shannon Brown,200769,2006,NYK,1,-1,0.75,0.77890,"Brown, Shannon",,Y,,2014,,shannon_brown,Shannon Brown,200769,2006,,0,-1,0.75,0.77891,"Bryant, Kobe",,Y,,2015,,kobe_bryant,Kobe Bryant,977,1996,,0,0.826,0.813,0.85792,"Bryant, Kobe",Los Angeles,Y,lakers,2015,Lakers,kobe_bryant,Kobe Bryant,977,1996,LAL,1,0.826,0.813,0.85793,"Budinger, Chase",Phoenix,Y,suns,2015,Suns,chase_budinger,Chase Budinger,201978,2009,PHX,1,0.708,0.827,0.82194,"Bullock, Reggie",Detroit,Y,pistons,2016,Pistons,reggie_bullock,Reggie Bullock,203493,2013,DET,1,0.933,0.8,0.77895,"Burke, Trey",Utah,Y,jazz,2016,Jazz,trey_burke,Trey Burke,203504,2013,UTA,1,0.817,0.752,0.90396,"Burks, Alec",Utah,Y,jazz,2016,Jazz,alec_burks,Alec Burks,202692,2011,UTA,1,0.752,0.822,0.74897,"Butler, Caron",Sacramento,Y,kings,2015,Kings,caron_butler,Caron Butler,2406,2002,SAC,1,0.833,0.902,0.83998,"Butler, Jimmy",Chicago,Y,bulls,2016,Bulls,jimmy_butler,Jimmy Butler,202710,2011,CHI,1,0.832,0.834,0.76999,"Butler, Rasual",,Y,,2015,,rasual_butler,Rasual Butler,2446,2002,,0,0.688,0.791,0.571100,"Butler, Rasual",Washington,Y,wizards,2015,Wizards,rasual_butler,Rasual Butler,2446,2002,WAS,1,0.688,0.791,0.571101,"Buycks, Dwight",Toronto,Y,raptors,2014,Raptors,dwight_buycks,Dwight Buycks,202779,2013,TOR,1,-1,0.9,0.889102,"Buycks, Dwight",,Y,,2014,,dwight_buycks,Dwight Buycks,202779,2013,,0,-1,0.9,0.889103,"Bynum, Andrew",Indiana,Y,pacers,2013,Pacers,andrew_bynum,Andrew Bynum,101115,2005,IND,1,-1,-1,0.762104,"Bynum, Will",Washington,Y,wizards,2014,Wizards,will_bynum,Will Bynum,101198,2005,WAS,1,-1,0.5,0.802105,"Caboclo, Bruno",Toronto,Y,raptors,2016,Raptors,bruno_caboclo,Bruno Caboclo,203998,2014,TOR,1,0,0,-1106,"Calathes, Nick",Memphis,Y,grizzlies,2014,Grizzlies,nick_calathes,Nick Calathes,201979,2013,MEM,1,-1,0.533,0.611107,"Calderon, Jose",New York,Y,knicks,2016,Knicks,jose_calderon,Jose Calderon,101181,2005,NYK,1,0.875,0.906,0.825108,"Caldwell-Pope, Kentavious",Detroit,Y,pistons,2016,Pistons,kentavious_caldwell-pope,Kentavious Caldwell-Pope,203484,2013,DET,1,0.811,0.696,0.77109,"Canaan, Isaiah",Philadelphia,Y,sixers,2016,76ers,isaiah_canaan,Isaiah Canaan,203477,2013,PHI,1,0.833,0.762,0.724110,"Capela, Clint",Houston,Y,rockets,2016,Rockets,clint_capela,Clint Capela,203991,2014,HOU,1,0.379,0.174,-1111,"Carroll, DeMarre",Toronto,Y,raptors,2016,Raptors,demarre_carroll,DeMarre Carroll,201960,2009,TOR,1,0.6,0.702,0.773112,"Carter-Williams, Michael",Milwaukee,Y,bucks,2016,Bucks,michael_carter-williams,Michael Carter-Williams,203487,2013,MIL,1,0.654,0.643,0.703113,"Carter, Vince",Memphis,Y,grizzlies,2016,Grizzlies,vince_carter,Vince Carter,1713,1998,MEM,1,0.833,0.789,0.821114,"Casspi, Omri",Sacramento,Y,kings,2016,Kings,omri_casspi,Omri Casspi,201956,2009,SAC,1,0.648,0.733,0.68115,"Cauley-Stein, Willie",Sacramento,Y,kings,2016,Kings,willie_cauley-stein,Willie Cauley-Stein,1626161,2015,SAC,1,0.648,-1,-1116,"Chalmers, Mario",,Y,,2015,,mario_chalmers,Mario Chalmers,201596,2008,,0,0.923,0.774,0.742117,"Chalmers, Mario",Miami,Y,heat,2015,Heat,mario_chalmers,Mario Chalmers,201596,2008,MIA,1,0.923,0.774,0.742118,"Chandler, Tyson",Phoenix,Y,suns,2016,Suns,tyson_chandler,Tyson Chandler,2199,2001,PHX,1,0.62,0.72,0.632119,"Chandler, Wilson",Denver,Y,nuggets,2016,Nuggets,wilson_chandler,Wilson Chandler,201163,2007,DEN,1,-1,0.775,0.724120,"Cherry, Will",,Y,,2014,,will_cherry,Will Cherry,203805,2014,,0,-1,0.5,-1121,"Childress, Josh",,Y,,2013,,josh_childress,Josh Childress,2735,2004,,0,-1,-1,0122,"Christmas, Dionte",Phoenix,Y,suns,2013,Suns,dionte_christmas,Dionte Christmas,202091,2013,PHX,1,-1,-1,0.75123,"Christmas, Rakeem",Indiana,Y,pacers,2016,Pacers,rakeem_christmas,Rakeem Christmas,1626176,2015,IND,1,0,-1,-1124,"Christopher, Patrick",,Y,,2014,,patrick_christopher,Patrick Christopher,203565,2014,,0,-1,0,-1125,"Clark, Earl",Brooklyn,Y,nets,2014,Nets,earl_clark,Earl Clark,201947,2009,BKN,1,-1,0.25,0.583126,"Clark, Ian",Golden State,Y,warriors,2016,Warriors,ian_clark,Ian Clark,203546,2013,GSW,1,0.824,1,0.714127,"Clarke, Coty",,Y,,2015,,coty_clarke,Coty Clarke,1626262,2015,,0,0,-1,-1128,"Clarkson, Jordan",Los Angeles,Y,lakers,2016,Lakers,jordan_clarkson,Jordan Clarkson,203903,2014,LAL,1,0.804,0.829,-1129,"Claver, Victor",Portland,Y,blazers,2014,Trail Blazers,victor_claver,Victor Claver,201964,2012,POR,1,-1,0,0.909130,"Claver, Victor",,Y,,2014,,victor_claver,Victor Claver,201964,2012,,0,-1,0,0.909131,"Cole, Norris",New Orleans,Y,pelicans,2015,Pelicans,norris_cole,Norris Cole,202708,2011,NOP,1,0.8,0.696,0.779132,"Collins, Jason",Brooklyn,Y,nets,2013,Nets,jason_collins,Jason Collins,2215,2001,BKN,1,-1,-1,0.75133,"Collison, Darren",Sacramento,Y,kings,2016,Kings,darren_collison,Darren Collison,201954,2009,SAC,1,0.858,0.788,0.857134,"Collison, Nick",Oklahoma City,Y,thunder,2016,Thunder,nick_collison,Nick Collison,2555,2003,OKC,1,0.697,0.692,0.71135,"Conley, Mike",Memphis,Y,grizzlies,2016,Grizzlies,mike_conley,Mike Conley,201144,2007,MEM,1,0.834,0.859,0.815136,"Connaughton, Pat",Portland,Y,blazers,2016,Trail Blazers,pat_connaughton,Pat Connaughton,1626192,2015,POR,1,1,-1,-1137,"Cooley, Jack",Utah,Y,jazz,2014,Jazz,jack_cooley,Jack Cooley,204022,2014,UTA,1,-1,0.429,-1138,"Copeland, Chris",,Y,,2016,,chris_copeland,Chris Copeland,203142,2012,,0,0.857,0.733,0.714139,"Cotton, Bryce",Memphis,Y,grizzlies,2015,Grizzlies,bryce_cotton,Bryce Cotton,203955,2014,MEM,1,0,0.833,-1140,"Cousins, DeMarcus",Sacramento,Y,kings,2016,Kings,demarcus_cousins,DeMarcus Cousins,202326,2010,SAC,1,0.718,0.782,0.726141,"Covington, Robert",Philadelphia,Y,sixers,2016,76ers,robert_covington,Robert Covington,203496,2013,PHI,1,0.791,0.82,0142,"Crabbe, Allen",Portland,Y,blazers,2016,Trail Blazers,allen_crabbe,Allen Crabbe,203459,2013,POR,1,0.867,0.75,0.75143,"Crawford, Jamal",LA,Y,clippers,2016,Clippers,jamal_crawford,Jamal Crawford,2037,2000,LAC,1,0.904,0.901,0.866144,"Crawford, Jordan",Golden State,Y,warriors,2013,Warriors,jordan_crawford,Jordan Crawford,202348,2010,GSW,1,-1,-1,0.873145,"Crowder, Jae",Boston,Y,celtics,2016,Celtics,jae_crowder,Jae Crowder,203109,2012,BOS,1,0.82,0.909,0.754146,"Cunningham, Dante",New Orleans,Y,pelicans,2016,Pelicans,dante_cunningham,Dante Cunningham,201967,2009,NOP,1,0.695,0.617,0.567147,"Cunningham, Jared",,Y,,2015,,jared_cunningham,Jared Cunningham,203099,2012,,0,0.625,0.538,0148,"Cunningham, Jared",Sacramento,Y,kings,2015,Kings,jared_cunningham,Jared Cunningham,203099,2012,SAC,1,0.625,0.538,0149,"Curry, Seth",Sacramento,Y,kings,2016,Kings,seth_curry,Seth Curry,203552,2013,SAC,1,0.833,0,0150,"Curry, Stephen",Golden State,Y,warriors,2016,Warriors,stephen_curry,Stephen Curry,201939,2009,GSW,1,0.908,0.914,0.885151,"Dalembert, Samuel",New York,Y,knicks,2014,Knicks,samuel_dalembert,Samuel Dalembert,2223,2001,NYK,1,-1,0.7,0.737152,"Dalembert, Samuel",,Y,,2014,,samuel_dalembert,Samuel Dalembert,2223,2001,,0,-1,0.7,0.737153,"Daniels, Troy",Charlotte,Y,hornets,2016,Hornets,troy_daniels,Troy Daniels,203584,2013,CHA,1,0.556,0.75,0154,"Datome, Gigi",Boston,Y,celtics,2014,Celtics,luigi_datome,Gigi Datome,203540,2013,BOS,1,-1,0,0.8155,"Davies, Brandon",Philadelphia,Y,sixers,2014,76ers,brandon_davies,Brandon Davies,203561,2013,PHI,1,-1,0.636,0.642156,"Davies, Brandon",,Y,,2014,,brandon_davies,Brandon Davies,203561,2013,,0,-1,0.636,0.642157,"Davis, Anthony",New Orleans,Y,pelicans,2016,Pelicans,anthony_davis,Anthony Davis,203076,2012,NOP,1,0.758,0.805,0.791158,"Davis, Ed",Portland,Y,blazers,2016,Trail Blazers,ed_davis,Ed Davis,202334,2010,POR,1,0.559,0.487,0.528159,"Davis, Glen",Los Angeles,Y,clippers,2014,Clippers,glen_davis,Glen Davis,201175,2007,LAC,1,-1,0.632,0.675160,"Dawkins, Andre",,Y,,2014,,andre_dawkins,Andre Dawkins,203958,2014,,0,-1,0,-1161,"Dawson, Branden",LA,Y,clippers,2016,Clippers,branden_dawson,Branden Dawson,1626183,2015,LAC,1,1,-1,-1162,"Daye, Austin",Atlanta,Y,hawks,2014,Hawks,austin_daye,Austin Daye,201948,2009,ATL,1,-1,1,0.667163,"De Colo, Nando",Toronto,Y,raptors,2013,Raptors,nando_de_colo,Nando De Colo,201986,2012,TOR,1,-1,-1,0.818164,"Dedmon, Dewayne",Orlando,Y,magic,2016,Magic,dewayne_dedmon,Dewayne Dedmon,203473,2013,ORL,1,0.75,0.531,0.5165,"Dejean-Jones, Bryce",,Y,,2015,,bryce_dejean-jones,Bryce Dejean-Jones,1626214,2015,,0,0.524,-1,-1166,"Dekker, Sam",Houston,Y,rockets,2016,Rockets,sam_dekker,Sam Dekker,1626155,2015,HOU,1,0,-1,-1167,"Delfino, Carlos",Milwaukee,Y,bucks,2013,Bucks,carlos_delfino,Carlos Delfino,2568,2004,MIL,1,-1,-1,-1168,"Dellavedova, Matthew",Cleveland,Y,cavaliers,2016,Cavaliers,matthew_dellavedova,Matthew Dellavedova,203521,2013,CLE,1,0.864,0.763,0.792169,"Deng, Luol",Miami,Y,heat,2016,Heat,luol_deng,Luol Deng,2736,2004,MIA,1,0.755,0.761,0.815170,"DeRozan, DeMar",Toronto,Y,raptors,2016,Raptors,demar_derozan,DeMar DeRozan,201942,2009,TOR,1,0.85,0.832,0.824171,"Diaw, Boris",San Antonio,Y,spurs,2016,Spurs,boris_diaw,Boris Diaw,2564,2003,SAS,1,0.737,0.774,0.739172,"Dieng, Gorgui",Minnesota,Y,timberwolves,2016,Timberwolves,gorgui_dieng,Gorgui Dieng,203476,2013,MIN,1,0.827,0.783,0.634173,"Dinwiddie, Spencer",Chicago,Y,bulls,2016,Bulls,spencer_dinwiddie,Spencer Dinwiddie,203915,2014,CHI,1,0.576,0.912,-1174,"Dinwiddie, Spencer",Detroit,Y,pistons,2016,Pistons,spencer_dinwiddie,Spencer Dinwiddie,203915,2014,DET,1,0.576,0.912,-1175,"Dorsey, Joey",Houston,Y,rockets,2014,Rockets,joey_dorsey,Joey Dorsey,201595,2008,HOU,1,-1,0.289,-1176,"Douglas-Roberts, Chris",Charlotte,Y,hornets,2014,Bobcats,chris_douglas-roberts,Chris Douglas-Roberts,201604,2008,CHA,1,-1,1,0.805177,"Douglas-Roberts, Chris",,Y,,2014,,chris_douglas-roberts,Chris Douglas-Roberts,201604,2008,,0,-1,1,0.805178,"Douglas, Toney",New Orleans,Y,pelicans,2015,Pelicans,toney_douglas,Toney Douglas,201962,2009,NOP,1,0.848,0.615,0.625179,"Dragic, Goran",Miami,Y,heat,2016,Heat,goran_dragic,Goran Dragic,201609,2008,MIA,1,0.727,0.746,0.76180,"Dragic, Zoran",Miami,Y,heat,2014,Heat,zoran_dragic,Zoran Dragic,204054,2014,MIA,1,-1,0.667,-1181,"Drew, Larry",,Y,,2014,,larry_drew,Larry Drew,203580,2014,,0,-1,0.667,-1182,"Drummond, Andre",Detroit,Y,pistons,2016,Pistons,andre_drummond,Andre Drummond,203083,2012,DET,1,0.355,0.389,0.418183,"Dudley, Jared",Washington,Y,wizards,2016,Wizards,jared_dudley,Jared Dudley,201162,2007,WAS,1,0.735,0.716,0.655184,"Dukan, Duje",Sacramento,Y,kings,2015,Kings,duje_dukan,Duje Dukan,1626251,2015,SAC,1,0,-1,-1185,"Duncan, Tim",San Antonio,Y,spurs,2015,Spurs,tim_duncan,Tim Duncan,1495,1997,SAS,1,0.702,0.74,0.731186,"Dunleavy, Mike",Chicago,Y,bulls,2016,Bulls,mike_dunleavy,Mike Dunleavy,2399,2002,CHI,1,0.784,0.805,0.854187,"Durant, Kevin",Oklahoma City,Y,thunder,2016,Thunder,kevin_durant,Kevin Durant,201142,2007,OKC,1,0.898,0.854,0.873188,"Early, Cleanthony",New York,Y,knicks,2015,Knicks,cleanthony_early,Cleanthony Early,203921,2014,NYK,1,0.75,0.75,-1189,"Eddie, Jarell",Washington,Y,wizards,2016,Wizards,jarell_eddie,Jarell Eddie,204067,2015,WAS,1,1,-1,-1190,"Edwards, Shane",,Y,,2013,,shane_edwards,Shane Edwards,202197,2013,,0,-1,-1,0191,"Ellington, Wayne",Brooklyn,Y,nets,2016,Nets,wayne_ellington,Wayne Ellington,201961,2009,BKN,1,0.857,0.813,0.909192,"Ellis, Monta",Indiana,Y,pacers,2016,Pacers,monta_ellis,Monta Ellis,101145,2005,IND,1,0.786,0.752,0.788193,"Ely, Melvin",New Orleans,Y,pelicans,2013,Pelicans,melvin_ely,Melvin Ely,2408,2002,NOP,1,-1,-1,0194,"Ennis, James",New Orleans,Y,pelicans,2016,Pelicans,james_ennis,James Ennis,203516,2014,NOP,1,0,0.84,-1195,"Ennis, Tyler",Milwaukee,Y,bucks,2016,Bucks,tyler_ennis,Tyler Ennis,203898,2014,MIL,1,0.735,1,-1196,"Evans, Jeremy",Dallas,Y,mavericks,2016,Mavericks,jeremy_evans,Jeremy Evans,202379,2010,DAL,1,0.714,0.828,0.68197,"Evans, Reggie",Sacramento,Y,kings,2014,Kings,reggie_evans,Reggie Evans,2501,2002,SAC,1,-1,0.619,0.538198,"Evans, Tyreke",New Orleans,Y,pelicans,2016,Pelicans,tyreke_evans,Tyreke Evans,201936,2009,NOP,1,0.796,0.694,0.771199,"Exum, Dante",Utah,Y,jazz,2016,Jazz,dante_exum,Dante Exum,203957,2014,UTA,1,-1,0.625,-1200,"Ezeli, Festus",Golden State,Y,warriors,2016,Warriors,festus_ezeli,Festus Ezeli,203105,2012,GSW,1,0.53,0.628,-1201,"Faried, Kenneth",Denver,Y,nuggets,2016,Nuggets,kenneth_faried,Kenneth Faried,202702,2011,DEN,1,0.613,0.691,0.65202,"Farmar, Jordan",Memphis,Y,grizzlies,2016,Grizzlies,jordan_farmar,Jordan Farmar,200770,2006,MEM,1,1,0.909,0.746203,"Faverani, Vitor",Boston,Y,celtics,2013,Celtics,vitor_faverani,Vitor Faverani,203543,2013,BOS,1,-1,-1,0.649204,"Favors, Derrick",Utah,Y,jazz,2016,Jazz,derrick_favors,Derrick Favors,202324,2010,UTA,1,0.709,0.669,0.669205,"Felicio, Cristiano",Chicago,Y,bulls,2016,Bulls,cristiano_felicio,Cristiano Felicio,1626245,2015,CHI,1,0.714,-1,-1206,"Felix, Carrick",Cleveland,Y,cavaliers,2013,Cavaliers,carrick_felix,Carrick Felix,203467,2013,CLE,1,-1,-1,0.75207,"Felton, Raymond",Dallas,Y,mavericks,2016,Mavericks,raymond_felton,Raymond Felton,101109,2005,DAL,1,0.847,0.8,0.721208,"Fields, Landry",Toronto,Y,raptors,2014,Raptors,landry_fields,Landry Fields,202361,2010,TOR,1,-1,0.833,0.636209,"Fisher, Derek",Oklahoma City,Y,thunder,2013,Thunder,derek_fisher,Derek Fisher,965,1996,OKC,1,-1,-1,0.775210,"Fournier, Evan",Orlando,Y,magic,2016,Magic,evan_fournier,Evan Fournier,203095,2012,ORL,1,0.836,0.728,0.756211,"Foye, Randy",Oklahoma City,Y,thunder,2016,Thunder,randy_foye,Randy Foye,200751,2006,OKC,1,0.83,0.818,0.849212,"Franklin, Jamaal",Denver,Y,nuggets,2014,Nuggets,jamaal_franklin,Jamaal Franklin,203479,2013,DEN,1,-1,0,1213,"Frazier, Tim",New Orleans,Y,pelicans,2016,Pelicans,tim_frazier,Tim Frazier,204025,2014,NOP,1,0.533,0.333,-1214,"Fredette, Jimmer",,Y,,2015,,jimmer_fredette,Jimmer Fredette,202690,2011,,0,0,0.956,0.895215,"Fredette, Jimmer",New Orleans,Y,pelicans,2015,Pelicans,jimmer_fredette,Jimmer Fredette,202690,2011,NOP,1,0,0.956,0.895216,"Freeland, Joel",Portland,Y,blazers,2014,Trail Blazers,joel_freeland,Joel Freeland,200777,2012,POR,1,-1,0.84,0.69217,"Frye, Channing",Cleveland,Y,cavaliers,2016,Cavaliers,channing_frye,Channing Frye,101112,2005,CLE,1,0.905,0.886,0.821218,"Gallinari, Danilo",Denver,Y,nuggets,2016,Nuggets,danilo_gallinari,Danilo Gallinari,201568,2008,DEN,1,0.868,0.895,-1219,"Galloway, Langston",New York,Y,knicks,2016,Knicks,langston_galloway,Langston Galloway,204038,2014,NYK,1,0.754,0.808,-1220,"Garcia, Francisco",Houston,Y,rockets,2014,Rockets,francisco_garcia,Francisco Garcia,101128,2005,HOU,1,-1,0.25,0.526221,"Garcia, Francisco",,Y,,2014,,francisco_garcia,Francisco Garcia,101128,2005,,0,-1,0.25,0.526222,"Garnett, Kevin",Minnesota,Y,timberwolves,2016,Timberwolves,kevin_garnett,Kevin Garnett,708,1995,MIN,1,0.667,0.829,0.809223,"Garrett, Diante",Utah,Y,jazz,2013,Jazz,diante_garrett,Diante Garrett,203197,2012,UTA,1,-1,-1,0.833224,"Gasol, Marc",Memphis,Y,grizzlies,2016,Grizzlies,marc_gasol,Marc Gasol,201188,2008,MEM,1,0.829,0.795,0.768225,"Gasol, Pau",Chicago,Y,bulls,2016,Bulls,pau_gasol,Pau Gasol,2200,2001,CHI,1,0.792,0.803,0.736226,"Gay, Rudy",Sacramento,Y,kings,2016,Kings,rudy_gay,Rudy Gay,200752,2006,SAC,1,0.78,0.858,0.773227,"Gee, Alonzo",New Orleans,Y,pelicans,2016,Pelicans,alonzo_gee,Alonzo Gee,202087,2009,NOP,1,0.667,0.738,0.705228,"George, Paul",Indiana,Y,pacers,2016,Pacers,paul_george,Paul George,202331,2010,IND,1,0.86,0.727,0.864229,"Gibson, Taj",Chicago,Y,bulls,2016,Bulls,taj_gibson,Taj Gibson,201959,2009,CHI,1,0.692,0.717,0.751230,"Ginobili, Manu",San Antonio,Y,spurs,2016,Spurs,emanuel_ginobili,Manu Ginobili,1938,2002,SAS,1,0.813,0.721,0.851231,"Gobert, Rudy",Utah,Y,jazz,2016,Jazz,rudy_gobert,Rudy Gobert,203497,2013,UTA,1,0.569,0.623,0.492232,"Gomes, Ryan",,Y,,2013,,ryan_gomes,Ryan Gomes,101155,2005,,0,-1,-1,0233,"Gooden, Drew",Washington,Y,wizards,2015,Wizards,drew_gooden,Drew Gooden,2400,2002,WAS,1,0.643,0.773,0.889234,"Goodwin, Archie",Phoenix,Y,suns,2016,Suns,archie_goodwin,Archie Goodwin,203462,2013,PHX,1,0.674,0.735,0.673235,"Gordon, Aaron",Orlando,Y,magic,2016,Magic,aaron_gordon,Aaron Gordon,203932,2014,ORL,1,0.668,0.721,-1236,"Gordon, Ben",Orlando,Y,magic,2014,Magic,ben_gordon,Ben Gordon,2732,2004,ORL,1,-1,0.836,0.81237,"Gordon, Drew",,Y,,2014,,drew_gordon,Drew Gordon,204079,2014,,0,-1,0.5,-1238,"Gordon, Eric",New Orleans,Y,pelicans,2016,Pelicans,eric_gordon,Eric Gordon,201569,2008,NOP,1,0.888,0.805,0.785239,"Gortat, Marcin",Washington,Y,wizards,2016,Wizards,marcin_gortat,Marcin Gortat,101162,2007,WAS,1,0.705,0.703,0.686240,"Goudelock, Andrew",Houston,Y,rockets,2015,Rockets,andrew_goudelock,Andrew Goudelock,202726,2011,HOU,1,0.75,-1,-1241,"Granger, Danny",Phoenix,Y,suns,2014,Suns,danny_granger,Danny Granger,101122,2005,PHX,1,-1,0.757,0.962242,"Grant, Jerami",Philadelphia,Y,sixers,2016,76ers,jerami_grant,Jerami Grant,203924,2014,PHI,1,0.658,0.591,-1243,"Grant, Jerian",New York,Y,knicks,2016,Knicks,jerian_grant,Jerian Grant,1626170,2015,NYK,1,0.78,-1,-1244,"Gray, Aaron",Sacramento,Y,kings,2013,Kings,aaron_gray,Aaron Gray,201189,2007,SAC,1,-1,-1,0.5245,"Green, Danny",San Antonio,Y,spurs,2016,Spurs,daniel_green,Danny Green,201980,2009,SAS,1,0.739,0.874,0.794246,"Green, Draymond",Golden State,Y,warriors,2016,Warriors,draymond_green,Draymond Green,203110,2012,GSW,1,0.696,0.66,0.667247,"Green, Erick",,Y,,2015,,erick_green,Erick Green,203475,2014,,0,0,0.833,-1248,"Green, Erick",Denver,Y,nuggets,2015,Nuggets,erick_green,Erick Green,203475,2014,DEN,1,0,0.833,-1249,"Green, Gerald",Miami,Y,heat,2016,Heat,gerald_green,Gerald Green,101123,2005,MIA,1,0.783,0.825,0.848250,"Green, JaMychal",Memphis,Y,grizzlies,2016,Grizzlies,jamychal_green,JaMychal Green,203210,2014,MEM,1,0.752,0,-1251,"Green, Jeff",LA,Y,clippers,2016,Clippers,jeff_green,Jeff Green,201145,2007,LAC,1,0.8,0.84,0.795252,"Green, Willie",Orlando,Y,magic,2014,Magic,willie_green,Willie Green,2584,2003,ORL,1,-1,0.824,0.824253,"Griffin, Blake",LA,Y,clippers,2016,Clippers,blake_griffin,Blake Griffin,201933,2009,LAC,1,0.727,0.728,0.715254,"Gutierrez, Jorge",Charlotte,Y,hornets,2015,Hornets,jorge_gutierrez,Jorge Gutierrez,203268,2013,CHA,1,0.909,0.667,0.75255,"Hairston, PJ",Memphis,Y,grizzlies,2015,Grizzlies,pj_hairston,PJ Hairston,203798,2014,MEM,1,0.81,0.861,-1256,"Hamilton, Jordan",New Orleans,Y,pelicans,2016,Pelicans,jordan_hamilton,Jordan Hamilton,202706,2011,NOP,1,0.667,0,0.742257,"Hamilton, Justin",Minnesota,Y,timberwolves,2016,Timberwolves,justin_hamilton,Justin Hamilton,203120,2013,MIN,1,-1,0.857,0258,"Hansbrough, Tyler",Charlotte,Y,hornets,2015,Hornets,tyler_hansbrough,Tyler Hansbrough,201946,2009,CHA,1,0.585,0.698,0.681259,"Hardaway Jr., Tim",Atlanta,Y,hawks,2016,Hawks,timothy_hardaway,Tim Hardaway Jr.,203501,2013,ATL,1,0.893,0.801,0.828260,"Harden, James",Houston,Y,rockets,2016,Rockets,james_harden,James Harden,201935,2009,HOU,1,0.86,0.868,0.866261,"Harkless, Maurice",Portland,Y,blazers,2016,Trail Blazers,maurice_harkless,Maurice Harkless,203090,2012,POR,1,0.622,0.537,0.594262,"Harper, Justin",,Y,,2015,,justin_harper,Justin Harper,202712,2011,,0,0.5,-1,-1263,"Harrell, Montrezl",Houston,Y,rockets,2016,Rockets,montrezl_harrell,Montrezl Harrell,1626149,2015,HOU,1,0.522,-1,-1264,"Harrellson, Josh",Detroit,Y,pistons,2013,Pistons,josh_harrellson,Josh Harrellson,202725,2011,DET,1,-1,-1,0.714265,"Harrington, Al",Washington,Y,wizards,2013,Wizards,al_harrington,Al Harrington,1733,1998,WAS,1,-1,-1,0.771266,"Harris, Devin",Dallas,Y,mavericks,2016,Mavericks,devin_harris,Devin Harris,2734,2004,DAL,1,0.721,0.815,0.8267,"Harris, Elias",,Y,,2013,,elias_harris,Elias Harris,203548,2013,,0,-1,-1,0268,"Harris, Gary",Denver,Y,nuggets,2016,Nuggets,gary_harris,Gary Harris,203914,2014,DEN,1,0.82,0.745,-1269,"Harris, Joe",,Y,,2016,,joe_harris,Joe Harris,203925,2014,,0,0,0.6,-1270,"Harris, Manny",,Y,,2013,,manny_harris,Manny Harris,202412,2010,,0,-1,-1,0.833271,"Harris, Michael",,Y,,2013,,mike_harris,Michael Harris,200839,2007,,0,-1,-1,0.963272,"Harris, Tobias",Detroit,Y,pistons,2016,Pistons,tobias_harris,Tobias Harris,202699,2011,DET,1,0.784,0.788,0.807273,"Harrison, Aaron",Charlotte,Y,hornets,2016,Hornets,aaron_harrison,Aaron Harrison,1626151,2015,CHA,1,0.417,-1,-1274,"Haslem, Udonis",Miami,Y,heat,2016,Heat,udonis_haslem,Udonis Haslem,2617,2003,MIA,1,0.75,0.703,0.568275,"Hawes, Spencer",Charlotte,Y,hornets,2016,Hornets,spencer_hawes,Spencer Hawes,201150,2007,CHA,1,0.831,0.647,0.782276,"Hayes, Charles",,Y,,2015,,chuck_hayes,Charles Hayes,101236,2005,,0,1,0.545,0.714277,"Hayes, Charles",Toronto,Y,raptors,2015,Raptors,chuck_hayes,Charles Hayes,101236,2005,TOR,1,1,0.545,0.714278,"Hayward, Gordon",Utah,Y,jazz,2016,Jazz,gordon_hayward,Gordon Hayward,202330,2010,UTA,1,0.824,0.812,0.816279,"Haywood, Brendan",Cleveland,Y,cavaliers,2014,Cavaliers,brendan_haywood,Brendan Haywood,2217,2001,CLE,1,-1,0.538,-1280,"Henderson, Gerald",Portland,Y,blazers,2016,Trail Blazers,gerald_henderson,Gerald Henderson,201945,2009,POR,1,0.767,0.848,0.761281,"Henry, Xavier",Los Angeles,Y,lakers,2014,Lakers,xavier_henry,Xavier Henry,202333,2010,LAL,1,-1,0.583,0.655282,"Henry, Xavier",,Y,,2014,,xavier_henry,Xavier Henry,202333,2010,,0,-1,0.583,0.655283,"Henson, John",Milwaukee,Y,bucks,2016,Bucks,john_henson,John Henson,203089,2012,MIL,1,0.59,0.569,0.514284,"Hezonja, Mario",Orlando,Y,magic,2016,Magic,mario_hezonja,Mario Hezonja,1626209,2015,ORL,1,0.907,-1,-1285,"Hibbert, Roy",Los Angeles,Y,lakers,2016,Lakers,roy_hibbert,Roy Hibbert,201579,2008,LAL,1,0.807,0.824,0.77286,"Hickson, JJ",Washington,Y,wizards,2015,Wizards,jj_hickson,JJ Hickson,201581,2008,WAS,1,0.458,0.577,0.517287,"Hill, George",Indiana,Y,pacers,2016,Pacers,george_hill,George Hill,201588,2008,IND,1,0.76,0.79,0.807288,"Hill, Jordan",Indiana,Y,pacers,2016,Pacers,jordan_hill,Jordan Hill,201941,2009,IND,1,0.712,0.738,0.685289,"Hill, Solomon",Indiana,Y,pacers,2016,Pacers,solomon_hill,Solomon Hill,203524,2013,IND,1,0.857,0.824,0.857290,"Hilliard, Darrun",Detroit,Y,pistons,2016,Pistons,darrun_hilliard,Darrun Hilliard,1626199,2015,DET,1,0.725,-1,-1291,"Hinrich, Kirk",Atlanta,Y,hawks,2015,Hawks,kirk_hinrich,Kirk Hinrich,2550,2003,ATL,1,0.938,0.7,0.76292,"Holiday, Jrue",New Orleans,Y,pelicans,2016,Pelicans,jrue_holiday,Jrue Holiday,201950,2009,NOP,1,0.843,0.855,0.81293,"Holiday, Justin",Chicago,Y,bulls,2016,Bulls,justin_holiday,Justin Holiday,203200,2012,CHI,1,0.5,0.822,-1294,"Hollins, Ryan",,Y,,2015,,ryan_hollins,Ryan Hollins,200797,2006,,0,0,0.574,0.625295,"Hollins, Ryan",Sacramento,Y,kings,2015,Kings,ryan_hollins,Ryan Hollins,200797,2006,SAC,1,0,0.574,0.625296,"Hollis-Jefferson, Rondae",Brooklyn,Y,nets,2016,Nets,rondae_hollis-jefferson,Rondae Hollis-Jefferson,1626178,2015,BKN,1,0.712,-1,-1297,"Holmes, Richaun",Philadelphia,Y,sixers,2016,76ers,richaun_holmes,Richaun Holmes,1626158,2015,PHI,1,0.689,-1,-1298,"Hood, Rodney",Utah,Y,jazz,2016,Jazz,rodney_hood,Rodney Hood,203918,2014,UTA,1,0.86,0.763,-1299,"Hopson, Scotty",Cleveland,Y,cavaliers,2013,Cavaliers,scotty_hopson,Scotty Hopson,203816,2013,CLE,1,-1,-1,0.5300,"Horford, Al",Atlanta,Y,hawks,2016,Hawks,al_horford,Al Horford,201143,2007,ATL,1,0.798,0.759,0.682301,"Howard, Dwight",Houston,Y,rockets,2016,Rockets,dwight_howard,Dwight Howard,2730,2004,HOU,1,0.489,0.528,0.547302,"Hudson, Lester",Los Angeles,Y,clippers,2014,Clippers,lester_hudson,Lester Hudson,201991,2009,LAC,1,-1,0.75,-1303,"Huertas, Marcelo",Los Angeles,Y,lakers,2016,Lakers,marcelo_huertas,Marcelo Huertas,1626273,2015,LAL,1,0.931,-1,-1304,"Huestis, Josh",Oklahoma City,Y,thunder,2016,Thunder,josh_huestis,Josh Huestis,203962,2015,OKC,1,0,-1,-1305,"Hummel, Robbie",Minnesota,Y,timberwolves,2016,Timberwolves,robbie_hummel,Robbie Hummel,203133,2013,MIN,1,-1,0.828,0.938306,"Humphries, Kris",Atlanta,Y,hawks,2016,Hawks,kris_humphries,Kris Humphries,2743,2004,ATL,1,0.935,0.744,0.813307,"Hunter, RJ",Boston,Y,celtics,2016,Celtics,rj_hunter,RJ Hunter,1626154,2015,BOS,1,0.857,-1,-1308,"Ibaka, Serge",Oklahoma City,Y,thunder,2016,Thunder,serge_ibaka,Serge Ibaka,201586,2009,OKC,1,0.752,0.836,0.784309,"Iguodala, Andre",Golden State,Y,warriors,2016,Warriors,andre_iguodala,Andre Iguodala,2738,2004,GSW,1,0.614,0.596,0.652310,"Ilyasova, Ersan",Orlando,Y,magic,2016,Magic,ersan_ilyasova,Ersan Ilyasova,101141,2006,ORL,1,0.725,0.645,0.823311,"Ingles, Joe",Utah,Y,jazz,2016,Jazz,joe_ingles,Joe Ingles,204060,2014,UTA,1,0.722,0.75,-1312,"Inglis, Damien",Milwaukee,Y,bucks,2015,Bucks,damien_inglis,Damien Inglis,203996,2014,MIL,1,0.875,-1,-1313,"Irving, Kyrie",Cleveland,Y,cavaliers,2016,Cavaliers,kyrie_irving,Kyrie Irving,202681,2011,CLE,1,0.885,0.863,0.861314,"Ivey, Royal",,Y,,2013,,royal_ivey,Royal Ivey,2767,2004,,0,-1,-1,0315,"Jack, Jarrett",Brooklyn,Y,nets,2016,Nets,jarrett_jack,Jarrett Jack,101127,2005,BKN,1,0.893,0.881,0.839316,"Jackson, Reggie",Detroit,Y,pistons,2016,Pistons,reggie_jackson,Reggie Jackson,202704,2011,DET,1,0.864,0.861,0.893317,"Jackson, Stephen",,Y,,2013,,stephen_jackson,Stephen Jackson,1536,2000,,0,-1,-1,0.5318,"James, Bernard",Dallas,Y,mavericks,2014,Mavericks,bernard_james,Bernard James,203108,2012,DAL,1,-1,0.87,0.545319,"James, Damion",San Antonio,Y,spurs,2013,Spurs,damion_james,Damion James,202345,2010,SAS,1,-1,-1,1320,"James, LeBron",Cleveland,Y,cavaliers,2016,Cavaliers,lebron_james,LeBron James,2544,2003,CLE,1,0.731,0.71,0.75321,"James, Mike",Chicago,Y,bulls,2013,Bulls,mike_james,Mike James,2229,2001,CHI,1,-1,-1,0322,"Jamison, Antawn",,Y,,2013,,antawn_jamison,Antawn Jamison,1712,1998,,0,-1,-1,0.72323,"Jeffers, Othyus",Minnesota,Y,timberwolves,2013,Timberwolves,othyus_jeffers,Othyus Jeffers,201785,2009,MIN,1,-1,-1,0.5324,"Jefferson, Al",Charlotte,Y,hornets,2016,Hornets,al_jefferson,Al Jefferson,2744,2004,CHA,1,0.649,0.655,0.69325,"Jefferson, Cory",,Y,,2015,,cory_jefferson,Cory Jefferson,203928,2014,,0,0.667,0.574,-1326,"Jefferson, Cory",Brooklyn,Y,nets,2015,Nets,cory_jefferson,Cory Jefferson,203928,2014,BKN,1,0.667,0.574,-1327,"Jefferson, Richard",Cleveland,Y,cavaliers,2016,Cavaliers,richard_jefferson,Richard Jefferson,2210,2001,CLE,1,0.667,0.684,0.741328,"Jenkins, John",Phoenix,Y,suns,2016,Suns,john_jenkins,John Jenkins,203098,2012,PHX,1,0.889,0.842,1329,"Jennings, Brandon",Orlando,Y,magic,2016,Magic,brandon_jennings,Brandon Jennings,201943,2009,ORL,1,0.711,0.839,0.751330,"Jerebko, Jonas",Boston,Y,celtics,2016,Celtics,jonas_jerebko,Jonas Jerebko,201973,2009,BOS,1,0.782,0.861,0.729331,"Jerrett, Grant",Utah,Y,jazz,2016,Jazz,grant_jerrett,Grant Jerrett,203511,2013,UTA,1,-1,0,-1332,"Johnson-Odom, Darius",,Y,,2013,,darius_johnson-odom,Darius Johnson-Odom,203130,2012,,0,-1,-1,0333,"Johnson, Amir",Boston,Y,celtics,2016,Celtics,amir_johnson,Amir Johnson,101161,2005,BOS,1,0.57,0.612,0.636334,"Johnson, Chris",Utah,Y,jazz,2016,Jazz,christapher_johnson,Chris Johnson,203187,2012,UTA,1,0.81,0.75,0.86335,"Johnson, James",Toronto,Y,raptors,2016,Raptors,james_johnson,James Johnson,201949,2009,TOR,1,0.574,0.657,0.844336,"Johnson, Joe",Miami,Y,heat,2016,Heat,joe_johnson,Joe Johnson,2207,2001,MIA,1,0.852,0.801,0.815337,"Johnson, Nick",Houston,Y,rockets,2016,Rockets,nick_johnson,Nick Johnson,203910,2014,HOU,1,-1,0.68,-1338,"Johnson, Orlando",,Y,,2016,,orlando_johnson,Orlando Johnson,203111,2012,,0,0.833,-1,0.773339,"Johnson, Stanley",Detroit,Y,pistons,2016,Pistons,stanley_johnson,Stanley Johnson,1626169,2015,DET,1,0.784,-1,-1340,"Johnson, Tyler",Miami,Y,heat,2016,Heat,tyler_johnson,Tyler Johnson,204020,2014,MIA,1,0.797,0.681,-1341,"Johnson, Wesley",LA,Y,clippers,2016,Clippers,wesley_johnson,Wesley Johnson,202325,2010,LAC,1,0.652,0.804,0.792342,"Jokic, Nikola",Denver,Y,nuggets,2016,Nuggets,nikola_jokic,Nikola Jokic,203999,2015,DEN,1,0.811,-1,-1343,"Jones, Dahntay",Cleveland,Y,cavaliers,2015,Cavaliers,dahntay_jones,Dahntay Jones,2563,2003,CLE,1,0,0.818,-1344,"Jones, James",Cleveland,Y,cavaliers,2016,Cavaliers,james_jones,James Jones,2592,2003,CLE,1,0.808,0.848,0.636345,"Jones, Perry",Oklahoma City,Y,thunder,2014,Thunder,perry_jones,Perry Jones,203103,2012,OKC,1,-1,0.649,0.667346,"Jones, Solomon",,Y,,2013,,solomon_jones,Solomon Jones,200780,2006,,0,-1,-1,0.5347,"Jones, Terrence",Houston,Y,rockets,2016,Rockets,terrence_jones,Terrence Jones,203093,2012,HOU,1,0.664,0.606,0.605348,"Jones, Tyus",Minnesota,Y,timberwolves,2016,Timberwolves,tyus_jones,Tyus Jones,1626145,2015,MIN,1,0.718,-1,-1349,"Jordan, DeAndre",LA,Y,clippers,2016,Clippers,deandre_jordan,DeAndre Jordan,201599,2008,LAC,1,0.43,0.397,0.428350,"Jordan, Jerome",Brooklyn,Y,nets,2014,Nets,jerome_jordan,Jerome Jordan,202366,2011,BKN,1,-1,0.864,-1351,"Joseph, Cory",Toronto,Y,raptors,2016,Raptors,cory_joseph,Cory Joseph,202709,2011,TOR,1,0.764,0.734,0.823352,"Kaman, Chris",Portland,Y,blazers,2015,Trail Blazers,chris_kaman,Chris Kaman,2549,2003,POR,1,1,0.706,0.765353,"Kaminsky, Frank",Charlotte,Y,hornets,2016,Hornets,frank_kaminsky,Frank Kaminsky,1626163,2015,CHA,1,0.73,-1,-1354,"Kanter, Enes",Oklahoma City,Y,thunder,2016,Thunder,enes_kanter,Enes Kanter,202683,2011,OKC,1,0.797,0.788,0.73355,"Karasev, Sergey",Brooklyn,Y,nets,2015,Nets,sergey_karasev,Sergey Karasev,203508,2013,BKN,1,0.929,0.763,0.9356,"Kaun, Sasha",Cleveland,Y,cavaliers,2015,Cavaliers,sasha_kaun,Sasha Kaun,201619,2015,CLE,1,0.455,-1,-1357,"Kelly, Ryan",Los Angeles,Y,lakers,2016,Lakers,ryan_kelly,Ryan Kelly,203527,2013,LAL,1,0.685,0.832,0.815358,"Kidd-Gilchrist, Michael",Charlotte,Y,hornets,2016,Hornets,michael_kidd-gilchrist,Michael Kidd-Gilchrist,203077,2012,CHA,1,0.69,0.701,0.614359,"Kilpatrick, Sean",Brooklyn,Y,nets,2016,Nets,sean_kilpatrick,Sean Kilpatrick,203930,2014,BKN,1,0.875,1,-1360,"Kirilenko, Andrei",Brooklyn,Y,nets,2014,Nets,andrei_kirilenko,Andrei Kirilenko,1905,2001,BKN,1,-1,0.75,0.513361,"Kirilenko, Andrei",,Y,,2014,,andrei_kirilenko,Andrei Kirilenko,1905,2001,,0,-1,0.75,0.513362,"Kirk, Alex",,Y,,2014,,alex_kirk,Alex Kirk,203945,2014,,0,-1,1,-1363,"Knight, Brandon",Phoenix,Y,suns,2016,Suns,brandon_knight,Brandon Knight,202688,2011,PHX,1,0.852,0.881,0.802364,"Korver, Kyle",Atlanta,Y,hawks,2016,Hawks,kyle_korver,Kyle Korver,2594,2003,ATL,1,0.833,0.898,0.926365,"Koufos, Kosta",Sacramento,Y,kings,2016,Kings,kosta_koufos,Kosta Koufos,201585,2008,SAC,1,0.548,0.647,0.645366,"Kravtsov, Viacheslav",,Y,,2013,,viacheslav_kravtsov,Viacheslav Kravtsov,203139,2012,,0,-1,-1,0.5367,"Kuzmic, Ognjen",Golden State,Y,warriors,2014,Warriors,ognjen_kuzmic,Ognjen Kuzmic,203136,2013,GSW,1,-1,1,0.455368,"Lamb, Doron",Orlando,Y,magic,2013,Magic,doron_lamb,Doron Lamb,203117,2012,ORL,1,-1,-1,0.806369,"Lamb, Jeremy",Charlotte,Y,hornets,2016,Hornets,jeremy_lamb,Jeremy Lamb,203087,2012,CHA,1,0.727,0.891,0.797370,"Landry, Carl",Philadelphia,Y,sixers,2015,76ers,carl_landry,Carl Landry,201171,2007,PHI,1,0.736,0.82,0.824371,"Larkin, Shane",Brooklyn,Y,nets,2015,Nets,shane_larkin,Shane Larkin,203499,2013,BKN,1,0.776,0.782,0.64372,"Lauvergne, Joffrey",Denver,Y,nuggets,2016,Nuggets,joffrey_lauvergne,Joffrey Lauvergne,203530,2014,DEN,1,0.899,0.643,-1373,"LaVine, Zach",Minnesota,Y,timberwolves,2016,Timberwolves,zach_lavine,Zach LaVine,203897,2014,MIN,1,0.793,0.842,-1374,"Lawson, Ty",Indiana,Y,pacers,2016,Pacers,ty_lawson,Ty Lawson,201951,2009,IND,1,0.7,0.73,0.798375,"Ledo, Ricky",New York,Y,knicks,2014,Knicks,ricardo_ledo,Ricky Ledo,203495,2013,NYK,1,-1,0.5,1376,"Lee, Courtney",Charlotte,Y,hornets,2016,Hornets,courtney_lee,Courtney Lee,201584,2008,CHA,1,0.826,0.86,0.818377,"Lee, David",Dallas,Y,mavericks,2016,Mavericks,david_lee,David Lee,101135,2005,DAL,1,0.784,0.654,0.78378,"Lee, Malcolm",,Y,,2014,,malcolm_lee,Malcolm Lee,202723,2011,,0,-1,0,-1379,"Len, Alex",Phoenix,Y,suns,2016,Suns,alex_len,Alex Len,203458,2013,PHX,1,0.728,0.702,0.645380,"Leonard, Kawhi",San Antonio,Y,spurs,2016,Spurs,kawhi_leonard,Kawhi Leonard,202695,2011,SAS,1,0.874,0.802,0.802381,"Leonard, Meyers",Portland,Y,blazers,2016,Trail Blazers,meyers_leonard,Meyers Leonard,203086,2012,POR,1,0.761,0.938,0.762382,"Leuer, Jon",Phoenix,Y,suns,2016,Suns,jon_leuer,Jon Leuer,202720,2011,PHX,1,0.762,0.627,0.787383,"Lewis, Rashard",Miami,Y,heat,2013,Heat,rashard_lewis,Rashard Lewis,1740,1998,MIA,1,-1,-1,0.788384,"Liggins, DeAndre",,Y,,2013,,deandre_liggins,DeAndre Liggins,202732,2011,,0,-1,-1,0385,"Lillard, Damian",Portland,Y,blazers,2016,Trail Blazers,damian_lillard,Damian Lillard,203081,2012,POR,1,0.892,0.864,0.871386,"Lin, Jeremy",Charlotte,Y,hornets,2016,Hornets,jeremy_lin,Jeremy Lin,202391,2010,CHA,1,0.815,0.795,0.823387,"Livingston, Shaun",Golden State,Y,warriors,2016,Warriors,shaun_livingston,Shaun Livingston,2733,2004,GSW,1,0.86,0.714,0.827388,"Looney, Kevon",Golden State,Y,warriors,2016,Warriors,kevon_looney,Kevon Looney,1626172,2015,GSW,1,0,-1,-1389,"Lopez, Brook",Brooklyn,Y,nets,2016,Nets,brook_lopez,Brook Lopez,201572,2008,BKN,1,0.787,0.814,0.817390,"Lopez, Robin",New York,Y,knicks,2016,Knicks,robin_lopez,Robin Lopez,201577,2008,NYK,1,0.795,0.772,0.818391,"Love, Kevin",Cleveland,Y,cavaliers,2016,Cavaliers,kevin_love,Kevin Love,201567,2008,CLE,1,0.822,0.804,0.821392,"Lowry, Kyle",Toronto,Y,raptors,2016,Raptors,kyle_lowry,Kyle Lowry,200768,2006,TOR,1,0.811,0.808,0.813393,"Lucas III, John",Detroit,Y,pistons,2016,Pistons,john_iii_lucas,John Lucas III,101249,2005,DET,1,-1,1,0.625394,"Lucas, Kalin",,Y,,2014,,kalin_lucas,Kalin Lucas,203564,2014,,0,-1,0,-1395,"Lyles, Trey",Utah,Y,jazz,2016,Jazz,trey_lyles,Trey Lyles,1626168,2015,UTA,1,0.695,-1,-1396,"Mack, Shelvin",Utah,Y,jazz,2016,Jazz,shelvin_mack,Shelvin Mack,202714,2011,UTA,1,0.75,0.806,0.865397,"Mahinmi, Ian",Indiana,Y,pacers,2016,Pacers,ian_mahinmi,Ian Mahinmi,101133,2007,IND,1,0.587,0.304,0.621398,"Marble, Devyn",Orlando,Y,magic,2015,Magic,devyn_marble,Devyn Marble,203906,2014,ORL,1,0.417,0.313,-1399,"Marion, Shawn",Cleveland,Y,cavaliers,2014,Cavaliers,shawn_marion,Shawn Marion,1890,1999,CLE,1,-1,0.765,0.785400,"Marjanovic, Boban",San Antonio,Y,spurs,2016,Spurs,boban_marjanovic,Boban Marjanovic,1626246,2015,SAS,1,0.763,-1,-1401,"Marshall, Kendall",Philadelphia,Y,sixers,2015,76ers,kendall_marshall,Kendall Marshall,203088,2012,PHI,1,0.692,0.889,0.528402,"Martin, Cartier",Detroit,Y,pistons,2014,Pistons,cartier_martin,Cartier Martin,201858,2008,DET,1,-1,0,0.5403,"Martin, Jarell",Memphis,Y,grizzlies,2016,Grizzlies,jarell_martin,Jarell Martin,1626185,2015,MEM,1,0.726,-1,-1404,"Martin, Kenyon",New York,Y,knicks,2014,Knicks,kenyon_martin,Kenyon Martin,2030,2000,NYK,1,-1,1,0.579405,"Martin, Kenyon",,Y,,2014,,kenyon_martin,Kenyon Martin,2030,2000,,0,-1,1,0.579406,"Martin, Kevin",San Antonio,Y,spurs,2016,Spurs,kevin_martin,Kevin Martin,2755,2004,SAS,1,0.88,0.881,0.891407,"Mason Jr., Roger",,Y,,2013,,roger_mason-jr,Roger Mason Jr.,2427,2002,,0,-1,-1,1408,"Matthews, Wesley",Dallas,Y,mavericks,2016,Mavericks,wesley_matthews,Wesley Matthews,202083,2009,DAL,1,0.863,0.752,0.837409,"Maxiell, Jason",Charlotte,Y,hornets,2014,Hornets,jason_maxiell,Jason Maxiell,101131,2005,CHA,1,-1,0.577,0.484410,"Maynor, Eric",,Y,,2013,,eric_maynor,Eric Maynor,201953,2009,,0,-1,-1,0.667411,"Mayo, O.J.",Milwaukee,Y,bucks,2015,Bucks,oj_mayo,O.J. Mayo,201564,2008,MIL,1,0.775,0.827,0.864412,"Mbah a Moute, Luc",LA,Y,clippers,2016,Clippers,luc_mbah_a_moute,Luc Mbah a Moute,201601,2008,LAC,1,0.526,0.589,0.692413,"McAdoo, James Michael",Golden State,Y,warriors,2016,Warriors,james_michael_mcadoo,James Michael McAdoo,203949,2014,GSW,1,0.531,0.56,-1414,"McCallum, Ray",,Y,,2016,,ray_mccallum,Ray McCallum,203492,2013,,0,0.9,0.679,0.744415,"McCollum, CJ",Portland,Y,blazers,2016,Trail Blazers,cj_mccollum,CJ McCollum,203468,2013,POR,1,0.827,0.699,0.676416,"McConnell, TJ",Philadelphia,Y,sixers,2016,76ers,tj_mcconnell,TJ McConnell,204456,2015,PHI,1,0.634,-1,-1417,"McCullough, Chris",Brooklyn,Y,nets,2016,Nets,chris_mccullough,Chris McCullough,1626191,2015,BKN,1,0.478,-1,-1418,"McDaniels, KJ",Houston,Y,rockets,2016,Rockets,kj_mcdaniels,KJ McDaniels,203909,2014,HOU,1,0.8,0.756,-1419,"McDermott, Doug",Chicago,Y,bulls,2016,Bulls,doug_mcdermott,Doug McDermott,203926,2014,CHI,1,0.857,0.667,-1420,"McGary, Mitch",Oklahoma City,Y,thunder,2016,Thunder,mitch_mcgary,Mitch McGary,203956,2014,OKC,1,0.4,0.625,-1421,"McGee, JaVale",Dallas,Y,mavericks,2016,Mavericks,javale_mcgee,JaVale McGee,201580,2008,DAL,1,0.5,0.69,1422,"McLemore, Ben",Sacramento,Y,kings,2016,Kings,ben_mclemore,Ben McLemore,203463,2013,SAC,1,0.718,0.813,0.804423,"McNeal, Jerel",Phoenix,Y,suns,2014,Suns,jerel_mcneal,Jerel McNeal,202077,2012,PHX,1,-1,1,-1424,"McRae, Jordan",Cleveland,Y,cavaliers,2016,Cavaliers,jordan_mcrae,Jordan McRae,203895,2015,CLE,1,0.8,-1,-1425,"McRoberts, Josh",Miami,Y,heat,2016,Heat,josh_mcroberts,Josh McRoberts,201177,2007,MIA,1,0.7,0.615,0.729426,"Meeks, Jodie",Detroit,Y,pistons,2016,Pistons,jodie_meeks,Jodie Meeks,201975,2009,DET,1,1,0.906,0.857427,"Mejri, Salah",Dallas,Y,mavericks,2016,Mavericks,salah_mejri,Salah Mejri,1626257,2015,DAL,1,0.587,-1,-1428,"Mekel, Gal",Dallas,Y,mavericks,2014,Mavericks,gal_mekel,Gal Mekel,203539,2013,DAL,1,-1,0,0.667429,"Mekel, Gal",,Y,,2014,,gal_mekel,Gal Mekel,203539,2013,,0,-1,0,0.667430,"Mickey, Jordan",Boston,Y,celtics,2016,Celtics,jordan_mickey,Jordan Mickey,1626175,2015,BOS,1,0.5,-1,-1431,"Middleton, Khris",Milwaukee,Y,bucks,2016,Bucks,khris_middleton,Khris Middleton,203114,2012,MIL,1,0.888,0.859,0.861432,"Miles, CJ",Indiana,Y,pacers,2016,Pacers,cj_miles,CJ Miles,101139,2005,IND,1,0.75,0.807,0.853433,"Miller, Andre",San Antonio,Y,spurs,2015,Spurs,andre_miller,Andre Miller,1889,1999,SAS,1,0.789,0.718,0.745434,"Miller, Darius",New Orleans,Y,pelicans,2014,Pelicans,darius_miller,Darius Miller,203121,2012,NOP,1,-1,0,0.806435,"Miller, Darius",,Y,,2014,,darius_miller,Darius Miller,203121,2012,,0,-1,0,0.806436,"Miller, Mike",Denver,Y,nuggets,2016,Nuggets,mike_miller,Mike Miller,2034,2000,DEN,1,0,0.75,0.821437,"Miller, Quincy",Detroit,Y,pistons,2014,Pistons,quincy_miller,Quincy Miller,203113,2012,DET,1,-1,0.727,0.709438,"Mills, Patty",San Antonio,Y,spurs,2016,Spurs,patrick_mills,Patty Mills,201988,2009,SAS,1,0.81,0.825,0.89439,"Millsap, Elijah",,Y,,2015,,elijah_millsap,Elijah Millsap,202407,2014,,0,0.722,0.674,-1440,"Millsap, Elijah",Utah,Y,jazz,2015,Jazz,elijah_millsap,Elijah Millsap,202407,2014,UTA,1,0.722,0.674,-1441,"Millsap, Paul",Atlanta,Y,hawks,2016,Hawks,paul_millsap,Paul Millsap,200794,2006,ATL,1,0.757,0.757,0.731442,"Mirotic, Nikola",Chicago,Y,bulls,2016,Bulls,nikola_mirotic,Nikola Mirotic,202703,2014,CHI,1,0.807,0.803,-1443,"Mitchell, Tony",,Y,,2013,,tony_mitchell,Tony Mitchell,203183,2013,,0,-1,-1,0444,"Mitchell, Tony",Detroit,Y,pistons,2013,Pistons,tony_l_mitchell,Tony Mitchell,203502,2013,DET,1,-1,-1,0.579445,"Mohammed, Nazr",Oklahoma City,Y,thunder,2015,Thunder,nazr_mohammed,Nazr Mohammed,1737,1998,OKC,1,1,0.333,0.533446,"Monroe, Greg",Milwaukee,Y,bucks,2016,Bucks,greg_monroe,Greg Monroe,202328,2010,MIL,1,0.74,0.75,0.657447,"Montero, Luis",Portland,Y,blazers,2016,Trail Blazers,luis_montero,Luis Montero,1626242,2015,POR,1,0.75,-1,-1448,"Moore, E'Twaun",Chicago,Y,bulls,2016,Bulls,etwaun_moore,E'Twaun Moore,202734,2011,CHI,1,0.629,0.6,0.765449,"Moreland, Eric",Sacramento,Y,kings,2015,Kings,eric_moreland,Eric Moreland,203961,2014,SAC,1,0.5,0,-1450,"Morris, Darius",Brooklyn,Y,nets,2014,Nets,darius_morris,Darius Morris,202721,2011,BKN,1,-1,0.444,0.714451,"Morris, Marcus",Detroit,Y,pistons,2016,Pistons,marcus_morris,Marcus Morris,202694,2011,DET,1,0.749,0.628,0.761452,"Morris, Markieff",Washington,Y,wizards,2016,Wizards,markieff_morris,Markieff Morris,202693,2011,WAS,1,0.717,0.763,0.792453,"Morrow, Anthony",Oklahoma City,Y,thunder,2016,Thunder,anthony_morrow,Anthony Morrow,201627,2008,OKC,1,0.744,0.888,0.828454,"Motiejunas, Donatas",Houston,Y,rockets,2015,Rockets,donatas_motiejunas,Donatas Motiejunas,202700,2012,HOU,1,0.642,0.602,0.604455,"Moultrie, Arnett",Philadelphia,Y,sixers,2013,76ers,arnett_moultrie,Arnett Moultrie,203102,2012,PHI,1,-1,-1,0.8456,"Mozgov, Timofey",Cleveland,Y,cavaliers,2016,Cavaliers,timofey_mozgov,Timofey Mozgov,202389,2010,CLE,1,0.716,0.733,0.754457,"Mudiay, Emmanuel",Denver,Y,nuggets,2016,Nuggets,emmanuel_mudiay,Emmanuel Mudiay,1626144,2015,DEN,1,0.67,-1,-1458,"Muhammad, Shabazz",Minnesota,Y,timberwolves,2016,Timberwolves,shabazz_muhammad,Shabazz Muhammad,203498,2013,MIN,1,0.764,0.717,0.65459,"Mullens, Byron",Philadelphia,Y,sixers,2013,76ers,byron_mullens,Byron Mullens,201957,2009,PHI,1,-1,-1,0.333460,"Munford, Xavier",Memphis,Y,grizzlies,2015,Grizzlies,xavier_munford,Xavier Munford,204098,2015,MEM,1,0.5,-1,-1461,"Murphy, Erik",Utah,Y,jazz,2013,Jazz,erik_murphy,Erik Murphy,203513,2013,UTA,1,-1,-1,0462,"Murry, Toure",,Y,,2016,,toure_murry,Toure Murry,203315,2013,,0,-1,0,0.59463,"Muscala, Mike",Atlanta,Y,hawks,2016,Hawks,mike_muscala,Mike Muscala,203488,2013,ATL,1,0.795,0.88,1464,"Nance Jr., Larry",Los Angeles,Y,lakers,2016,Lakers,larry_nance,Larry Nance Jr.,1626204,2015,LAL,1,0.681,-1,-1465,"Napier, Shabazz",Orlando,Y,magic,2016,Magic,shabazz_napier,Shabazz Napier,203894,2014,ORL,1,0.733,0.786,-1466,"Nash, Steve",Los Angeles,Y,lakers,2013,Lakers,steve_nash,Steve Nash,959,1996,LAL,1,-1,-1,0.917467,"Ndiaye, Hamady",,Y,,2013,,hamady_ndiaye,Hamady Ndiaye,202380,2010,,0,-1,-1,0468,"Neal, Gary",,Y,,2015,,gary_neal,Gary Neal,202390,2010,,0,0.855,0.863,0.833469,"Neal, Gary",Minnesota,Y,timberwolves,2015,Timberwolves,gary_neal,Gary Neal,202390,2010,MIN,1,0.855,0.863,0.833470,"Nedovic, Nemanja",Golden State,Y,warriors,2013,Warriors,nemanja_nedovic,Nemanja Nedovic,203517,2013,GSW,1,-1,-1,0.875471,"Nelson, Jameer",Denver,Y,nuggets,2016,Nuggets,jameer_nelson,Jameer Nelson,2749,2004,DEN,1,0.857,0.875,0.857472,Nene,Washington,Y,wizards,2016,Wizards,nene,Nene,2403,2002,WAS,1,0.578,0.604,0.583473,"Neto, Raul",Utah,Y,jazz,2016,Jazz,raulzinho_neto,Raul Neto,203526,2015,UTA,1,0.743,-1,-1474,"Nicholson, Andrew",Orlando,Y,magic,2016,Magic,andrew_nicholson,Andrew Nicholson,203094,2012,ORL,1,0.785,0.6,0.825475,"Noah, Joakim",Chicago,Y,bulls,2016,Bulls,joakim_noah,Joakim Noah,201149,2007,CHI,1,0.489,0.603,0.737476,"Noel, Nerlens",Philadelphia,Y,sixers,2016,76ers,nerlens_noel,Nerlens Noel,203457,2013,PHI,1,0.59,0.609,-1477,"Nogueira, Lucas",Toronto,Y,raptors,2016,Raptors,lucas_nogueira,Lucas Nogueira,203512,2014,TOR,1,0.533,0.5,-1478,"Novak, Steve",Milwaukee,Y,bucks,2016,Bucks,steve_novak,Steve Novak,200779,2006,MIL,1,0,0,1479,"Nowitzki, Dirk",Dallas,Y,mavericks,2016,Mavericks,dirk_nowitzki,Dirk Nowitzki,1717,1998,DAL,1,0.893,0.882,0.899480,"Nunnally, James",,Y,,2013,,james_nunnally,James Nunnally,203263,2013,,0,-1,-1,0.75481,"Nurkic, Jusuf",Denver,Y,nuggets,2016,Nuggets,jusuf_nurkic,Jusuf Nurkic,203994,2014,DEN,1,0.616,0.636,-1482,"O'Brien, J.J.",,Y,,2016,,jj_obrien,J.J. O'Brien,1626266,2015,,0,0,-1,-1483,"O'Bryant, Johnny",Milwaukee,Y,bucks,2015,Bucks,johnny_obryant,Johnny O'Bryant,203948,2014,MIL,1,0.675,0.444,-1484,"O'Neal, Jermaine",Golden State,Y,warriors,2013,Warriors,jermaine_oneal,Jermaine O'Neal,979,1996,GSW,1,-1,-1,0.75485,"O'Quinn, Kyle",New York,Y,knicks,2016,Knicks,kyle_oquinn,Kyle O'Quinn,203124,2012,NYK,1,0.767,0.772,0.687486,"Oden, Greg",Miami,Y,heat,2013,Heat,greg_oden,Greg Oden,201141,2007,MIA,1,-1,-1,0.565487,"Odom, Lamar",New York,Y,knicks,2013,Knicks,lamar_odom,Lamar Odom,1885,1999,NYK,1,-1,-1,-1488,"Okafor, Emeka",Phoenix,Y,suns,2013,Suns,emeka_okafor,Emeka Okafor,2731,2004,PHX,1,-1,-1,-1489,"Okafor, Jahlil",Philadelphia,Y,sixers,2016,76ers,jahlil_okafor,Jahlil Okafor,1626143,2015,PHI,1,0.686,-1,-1490,"Oladipo, Victor",Orlando,Y,magic,2016,Magic,victor_oladipo,Victor Oladipo,203506,2013,ORL,1,0.83,0.819,0.78491,"Olynyk, Kelly",Boston,Y,celtics,2016,Celtics,kelly_olynyk,Kelly Olynyk,203482,2013,BOS,1,0.75,0.684,0.811492,"Onuaku, Arinze",Minnesota,Y,timberwolves,2016,Timberwolves,arinze_onuaku,Arinze Onuaku,202620,2013,MIN,1,-1,0.375,0.5493,"Orton, Daniel",,Y,,2013,,daniel_orton,Daniel Orton,202350,2010,,0,-1,-1,0.767494,"Oubre, Kelly",Washington,Y,wizards,2016,Wizards,kelly_oubre,Kelly Oubre,1626162,2015,WAS,1,0.633,-1,-1495,"Outlaw, Travis",Sacramento,Y,kings,2013,Kings,travis_outlaw,Travis Outlaw,2566,2003,SAC,1,-1,-1,0.808496,"Pachulia, Zaza",Dallas,Y,mavericks,2016,Mavericks,zaza_pachulia,Zaza Pachulia,2585,2003,DAL,1,0.768,0.788,0.846497,"Papanikolaou, Kostas",,Y,,2015,,kostas_papanikolaou,Kostas Papanikolaou,203123,2014,,0,0.643,0.722,-1498,"Papanikolaou, Kostas",Houston,Y,rockets,2015,Rockets,kostas_papanikolaou,Kostas Papanikolaou,203123,2014,HOU,1,0.643,0.722,-1499,"Pargo, Jannero",Charlotte,Y,hornets,2014,Bobcats,jannero_pargo,Jannero Pargo,2457,2002,CHA,1,-1,1,0.727500,"Pargo, Jannero",,Y,,2014,,jannero_pargo,Jannero Pargo,2457,2002,,0,-1,1,0.727501,"Parker, Jabari",Milwaukee,Y,bucks,2016,Bucks,jabari_parker,Jabari Parker,203953,2014,MIL,1,0.768,0.697,-1502,"Parker, Tony",San Antonio,Y,spurs,2016,Spurs,tony_parker,Tony Parker,2225,2001,SAS,1,0.76,0.783,0.811503,"Parsons, Chandler",Dallas,Y,mavericks,2016,Mavericks,chandler_parsons,Chandler Parsons,202718,2011,DAL,1,0.684,0.72,0.742504,"Patterson, Lamar",Atlanta,Y,hawks,2016,Hawks,lamar_patterson,Lamar Patterson,203934,2015,ATL,1,0.727,-1,-1505,"Patterson, Patrick",Toronto,Y,raptors,2016,Raptors,patrick_patterson,Patrick Patterson,202335,2010,TOR,1,0.853,0.788,0.563506,"Paul, Chris",LA,Y,clippers,2016,Clippers,chris_paul,Chris Paul,101108,2005,LAC,1,0.896,0.9,0.855507,"Payne, Adreian",Minnesota,Y,timberwolves,2016,Timberwolves,adreian_payne,Adreian Payne,203940,2014,MIN,1,0.654,0.5,-1508,"Payne, Cameron",Oklahoma City,Y,thunder,2016,Thunder,cameron_payne,Cameron Payne,1626166,2015,OKC,1,0.792,-1,-1509,"Payton, Elfrid",Orlando,Y,magic,2016,Magic,elfrid_payton,Elfrid Payton,203901,2014,ORL,1,0.589,0.551,-1510,"Pekovic, Nikola",Minnesota,Y,timberwolves,2016,Timberwolves,nikola_pekovic,Nikola Pekovic,201593,2010,MIN,1,0.8,0.837,0.747511,"Perkins, Kendrick",New Orleans,Y,pelicans,2015,Pelicans,kendrick_perkins,Kendrick Perkins,2570,2003,NOP,1,0.44,0.507,0.552512,"Pierce, Paul",LA,Y,clippers,2016,Clippers,paul_pierce,Paul Pierce,1718,1998,LAC,1,0.818,0.781,0.826513,"Pittman, Dexter",,Y,,2013,,dexter_pittman,Dexter Pittman,202354,2010,,0,-1,-1,0514,"Pleiss, Tibor",Utah,Y,jazz,2015,Jazz,tibor_pleiss,Tibor Pleiss,202353,2015,UTA,1,1,-1,-1515,"Plumlee, Mason",Portland,Y,blazers,2016,Trail Blazers,mason_plumlee,Mason Plumlee,203486,2013,POR,1,0.642,0.495,0.626516,"Plumlee, Miles",Milwaukee,Y,bucks,2016,Bucks,miles_plumlee,Miles Plumlee,203101,2012,MIL,1,0.576,0.5,0.561517,"Pondexter, Quincy",New Orleans,Y,pelicans,2016,Pelicans,quincy_pondexter,Quincy Pondexter,202347,2010,NOP,1,-1,0.7,0.808518,"Porter, Otto",Washington,Y,wizards,2016,Wizards,otto_porter,Otto Porter,203490,2013,WAS,1,0.754,0.734,0.667519,"Portis, Bobby",Chicago,Y,bulls,2016,Bulls,bobby_portis,Bobby Portis,1626171,2015,CHI,1,0.727,-1,-1520,"Porzingis, Kristaps",New York,Y,knicks,2016,Knicks,kristaps_porzingis,Kristaps Porzingis,204001,2015,NYK,1,0.838,-1,-1521,"Powell, Dwight",Dallas,Y,mavericks,2016,Mavericks,dwight_powell,Dwight Powell,203939,2014,DAL,1,0.739,0.5,-1522,"Powell, Josh",Houston,Y,rockets,2013,Rockets,josh_powell,Josh Powell,2694,2005,HOU,1,-1,-1,0523,"Powell, Norman",Toronto,Y,raptors,2016,Raptors,norman_powell,Norman Powell,1626181,2015,TOR,1,0.811,-1,-1524,"Pressey, Phil",,Y,,2016,,phil_pressey,Phil Pressey,203515,2013,,0,0.5,0.673,0.644525,"Pressey, Phil",Boston,Y,celtics,2015,Celtics,phil_pressey,Phil Pressey,203515,2013,BOS,1,0.5,0.673,0.644526,"Price, A.J.",,Y,,2014,,aj_price,A.J. Price,201985,2009,,0,-1,0.667,0527,"Price, Ronnie",Phoenix,Y,suns,2016,Suns,ronnie_price,Ronnie Price,101179,2005,PHX,1,0.756,0.8,0.692528,"Prigioni, Pablo",LA,Y,clippers,2016,Clippers,pablo_prigioni,Pablo Prigioni,203143,2012,LAC,1,0.875,0.846,0.917529,"Prince, Tayshaun",Minnesota,Y,timberwolves,2015,Timberwolves,tayshaun_prince,Tayshaun Prince,2419,2002,MIN,1,0.684,0.833,0.567530,"Raduljica, Miroslav",Milwaukee,Y,bucks,2014,Bucks,miroslav_raduljica,Miroslav Raduljica,203545,2013,MIL,1,-1,1,0.818531,"Raduljica, Miroslav",,Y,,2014,,miroslav_raduljica,Miroslav Raduljica,203545,2013,,0,-1,1,0.818532,"Randle, Julius",Los Angeles,Y,lakers,2016,Lakers,julius_randle,Julius Randle,203944,2014,LAL,1,0.715,0,-1533,"Randolph, Anthony",Denver,Y,nuggets,2013,Nuggets,anthony_randolph,Anthony Randolph,201576,2008,DEN,1,-1,-1,0.754534,"Randolph, Shavlik",Phoenix,Y,suns,2014,Suns,shavlik_randolph,Shavlik Randolph,101183,2005,PHX,1,-1,0.5,0.545535,"Randolph, Shavlik",,Y,,2014,,shavlik_randolph,Shavlik Randolph,101183,2005,,0,-1,0.5,0.545536,"Randolph, Zach",Memphis,Y,grizzlies,2016,Grizzlies,zach_randolph,Zach Randolph,2216,2001,MEM,1,0.796,0.765,0.742537,"Redick, JJ",LA,Y,clippers,2016,Clippers,jj_redick,JJ Redick,200755,2006,LAC,1,0.888,0.901,0.915538,"Reed, Willie",Brooklyn,Y,nets,2016,Nets,willie_reed,Willie Reed,203186,2012,BKN,1,0.545,-1,-1539,"Rice Jr., Glen",Washington,Y,wizards,2014,Wizards,glen_rice_jr,Glen Rice Jr.,203318,2013,WAS,1,-1,0.667,0.714540,"Rice Jr., Glen",,Y,,2014,,glen_rice_jr,Glen Rice Jr.,203318,2013,,0,-1,0.667,0.714541,"Richardson, Jason",Philadelphia,Y,sixers,2014,76ers,jason_richardson,Jason Richardson,2202,2001,PHI,1,-1,0.773,-1542,"Richardson, Josh",Miami,Y,heat,2016,Heat,josh_richardson,Josh Richardson,1626196,2015,MIA,1,0.667,-1,-1543,"Ridnour, Luke",Orlando,Y,magic,2014,Magic,luke_ridnour,Luke Ridnour,2557,2003,ORL,1,-1,0.857,0.684544,"Rivers, Austin",LA,Y,clippers,2016,Clippers,austin_rivers,Austin Rivers,203085,2012,LAC,1,0.681,0.746,0.636545,"Roberson, Andre",Oklahoma City,Y,thunder,2016,Thunder,andre_roberson,Andre Roberson,203460,2013,OKC,1,0.611,0.479,0.7546,"Roberts, Brian",Portland,Y,blazers,2016,Trail Blazers,brian_roberts,Brian Roberts,203148,2012,POR,1,0.919,0.892,0.94547,"Robinson, Glenn",Indiana,Y,pacers,2016,Pacers,glenn_robinson_iii,Glenn Robinson,203922,2014,IND,1,0.692,0.75,-1548,"Robinson, Nate",,Y,,2015,,nate_robinson,Nate Robinson,101126,2005,,0,0,0.65,0.835549,"Robinson, Nate",Denver,Y,nuggets,2015,Nuggets,nate_robinson,Nate Robinson,101126,2005,DEN,1,0,0.65,0.835550,"Robinson, Thomas",Brooklyn,Y,nets,2016,Nets,thomas_robinson,Thomas Robinson,203080,2012,BKN,1,0.431,0.438,0.564551,"Rondo, Rajon",Sacramento,Y,kings,2016,Kings,rajon_rondo,Rajon Rondo,200765,2006,SAC,1,0.58,0.333,0.627552,"Rose, Derrick",Chicago,Y,bulls,2016,Bulls,derrick_rose,Derrick Rose,201565,2008,CHI,1,0.793,0.813,0.844553,"Ross, Terrence",Toronto,Y,raptors,2016,Raptors,terrence_ross,Terrence Ross,203082,2012,TOR,1,0.79,0.786,0.837554,"Rozier, Terry",Boston,Y,celtics,2016,Celtics,terry_rozier,Terry Rozier,1626179,2015,BOS,1,0.8,-1,-1555,"Rubio, Ricky",Minnesota,Y,timberwolves,2016,Timberwolves,ricky_rubio,Ricky Rubio,201937,2011,MIN,1,0.847,0.803,0.802556,"Rudez, Damjan",Minnesota,Y,timberwolves,2016,Timberwolves,damjan_rudez,Damjan Rudez,204014,2014,MIN,1,1,0.696,-1557,"Rush, Brandon",Golden State,Y,warriors,2016,Warriors,brandon_rush,Brandon Rush,201575,2008,GSW,1,0.643,0.455,0.6558,"Russell, D'Angelo",Los Angeles,Y,lakers,2016,Lakers,dangelo_russell,D'Angelo Russell,1626156,2015,LAL,1,0.737,-1,-1559,"Sacre, Robert",Los Angeles,Y,lakers,2016,Lakers,robert_sacre,Robert Sacre,203135,2012,LAL,1,0.658,0.671,0.681560,"Salmons, John",Toronto,Y,raptors,2014,Raptors,john_salmons,John Salmons,2422,2002,TOR,1,-1,0.5,1561,"Salmons, John",,Y,,2014,,john_salmons,John Salmons,2422,2002,,0,-1,0.5,1562,"Sampson, JaKarr",Denver,Y,nuggets,2016,Nuggets,jakarr_sampson,JaKarr Sampson,203960,2014,DEN,1,0.639,0.67,-1563,"Sanders, Larry",Milwaukee,Y,bucks,2014,Bucks,larry_sanders,Larry Sanders,202336,2010,MIL,1,-1,0.5,0.473564,"Sanders, Larry",,Y,,2014,,larry_sanders,Larry Sanders,202336,2010,,0,-1,0.5,0.473565,"Schroder, Dennis",Atlanta,Y,hawks,2016,Hawks,dennis_schroder,Dennis Schroder,203471,2013,ATL,1,0.791,0.827,0.674566,"Scola, Luis",Toronto,Y,raptors,2016,Raptors,luis_scola,Luis Scola,2449,2007,TOR,1,0.726,0.699,0.728567,"Scott, Mike",Atlanta,Y,hawks,2016,Hawks,mike_scott,Mike Scott,203118,2012,ATL,1,0.794,0.792,0.78568,"Sefolosha, Thabo",Atlanta,Y,hawks,2016,Hawks,thabo_sefolosha,Thabo Sefolosha,200757,2006,ATL,1,0.626,0.776,0.768569,"Seraphin, Kevin",New York,Y,knicks,2016,Knicks,kevin_seraphin,Kevin Seraphin,202338,2010,NYK,1,0.826,0.707,0.871570,"Sessions, Ramon",Washington,Y,wizards,2016,Wizards,ramon_sessions,Ramon Sessions,201196,2007,WAS,1,0.756,0.727,0.782571,"Shakur, Mustafa",,Y,,2013,,mustafa_shakur,Mustafa Shakur,201203,2009,,0,-1,-1,0.5572,"Shengelia, Tornike",,Y,,2013,,tornike_shengelia,Tornike Shengelia,203129,2012,,0,-1,-1,0.375573,"Shumpert, Iman",Cleveland,Y,cavaliers,2016,Cavaliers,iman_shumpert,Iman Shumpert,202697,2011,CLE,1,0.784,0.676,0.746574,"Shved, Alexey",New York,Y,knicks,2014,Knicks,alexey_shved,Alexey Shved,203144,2012,NYK,1,-1,0.842,0.756575,"Simmons, Jonathon",San Antonio,Y,spurs,2016,Spurs,jonathon_simmons,Jonathon Simmons,203613,2015,SAS,1,0.75,-1,-1576,"Sims, Henry",Brooklyn,Y,nets,2016,Nets,henry_sims,Henry Sims,203156,2012,BKN,1,0.833,0.774,0.571577,"Singler, Kyle",Oklahoma City,Y,thunder,2016,Thunder,kyle_singler,Kyle Singler,202713,2012,OKC,1,0.659,0.806,0.826578,"Singleton, Chris",Washington,Y,wizards,2013,Wizards,chris_singleton,Chris Singleton,202698,2011,WAS,1,-1,-1,0.72579,"Siva, Peyton",Detroit,Y,pistons,2013,Pistons,peyton_siva,Peyton Siva,203491,2013,DET,1,-1,-1,0.733580,"Sloan, Donald",Brooklyn,Y,nets,2015,Nets,donald_sloan,Donald Sloan,202388,2011,BKN,1,0.75,0.779,0.6581,"Smart, Marcus",Boston,Y,celtics,2016,Celtics,marcus_smart,Marcus Smart,203935,2014,BOS,1,0.777,0.646,-1582,"Smith, Chris",,Y,,2013,,chris_smith,Chris Smith,203147,2013,,0,-1,-1,0583,"Smith, Greg",Minnesota,Y,timberwolves,2016,Timberwolves,greg_smith,Greg Smith,202962,2011,MIN,1,0.412,0.513,0.4584,"Smith, Ish",Philadelphia,Y,sixers,2016,76ers,ish_smith,Ish Smith,202397,2010,PHI,1,0.767,0.667,0.564585,"Smith, J.R.",Cleveland,Y,cavaliers,2016,Cavaliers,jr_smith,J.R. Smith,2747,2004,CLE,1,0.634,0.692,0.652586,"Smith, Jason",Orlando,Y,magic,2016,Magic,jason_smith,Jason Smith,201160,2007,ORL,1,0.806,0.83,0.78587,"Smith, Josh",Houston,Y,rockets,2015,Rockets,josh_smith,Josh Smith,2746,2004,HOU,1,0.595,0.468,0.532588,"Smith, Russ",,Y,,2015,,russ_smith,Russ Smith,203893,2014,,0,0.615,0,-1589,"Smith, Russ",Memphis,Y,grizzlies,2015,Grizzlies,russ_smith,Russ Smith,203893,2014,MEM,1,0.615,0,-1590,"Snell, Tony",Chicago,Y,bulls,2016,Bulls,tony_snell,Tony Snell,203503,2013,CHI,1,0.909,0.8,0.756591,"Southerland, James",New Orleans,Y,pelicans,2013,Pelicans,james_southerland,James Southerland,203480,2013,NOP,1,-1,-1,0592,"Speights, Marreese",Golden State,Y,warriors,2016,Warriors,marreese_speights,Marreese Speights,201578,2008,GSW,1,0.825,0.843,0.821593,"Splitter, Tiago",Atlanta,Y,hawks,2016,Hawks,tiago_splitter,Tiago Splitter,201168,2010,ATL,1,0.813,0.75,0.699594,"Stauskas, Nik",Philadelphia,Y,sixers,2016,76ers,nik_stauskas,Nik Stauskas,203917,2014,PHI,1,0.771,0.859,-1595,"Stephens, DJ",,Y,,2016,,dj_stephens,DJ Stephens,203474,2013,,0,-1,-1,1596,"Stephenson, Lance",Memphis,Y,grizzlies,2016,Grizzlies,lance_stephenson,Lance Stephenson,202362,2010,MEM,1,0.7,0.627,0.711597,"Stepheson, Alex",,Y,,2015,,alex_stepheson,Alex Stepheson,1627293,2015,,0,0,-1,-1598,"Stiemsma, Greg",Toronto,Y,raptors,2014,Raptors,greg_stiemsma,Greg Stiemsma,201880,2009,TOR,1,-1,0.5,0.594599,"Stockton, David",Sacramento,Y,kings,2014,Kings,david_stockton,David Stockton,204065,2014,SAC,1,-1,0.5,-1600,"Stokes, Jarnell",,Y,,2016,,jarnell_stokes,Jarnell Stokes,203950,2014,,0,0,0.536,-1601,"Stone, Julyan",Toronto,Y,raptors,2016,Raptors,julyan_stone,Julyan Stone,202933,2011,TOR,1,-1,-1,0.667602,"Stoudemire, Amar'e",Miami,Y,heat,2015,Heat,amare_stoudemire,Amar'e Stoudemire,2405,2002,MIA,1,0.746,0.74,0.739603,"Stuckey, Rodney",Indiana,Y,pacers,2016,Pacers,rodney_stuckey,Rodney Stuckey,201155,2007,IND,1,0.829,0.819,0.836604,"Sullinger, Jared",Boston,Y,celtics,2016,Celtics,jared_sullinger,Jared Sullinger,203096,2012,BOS,1,0.64,0.744,0.778605,"Tavares, Walter",Atlanta,Y,hawks,2016,Hawks,walter_tavares,Walter Tavares,204002,2015,ATL,1,0.375,-1,-1606,"Taylor, Jeff",Charlotte,Y,hornets,2014,Hornets,jeff_taylor,Jeff Taylor,203106,2012,CHA,1,-1,0.634,0.553607,"Taylor, Tyshawn",,Y,,2013,,tyshawn_taylor,Tyshawn Taylor,203116,2012,,0,-1,-1,0.8608,"Teague, Jeff",Atlanta,Y,hawks,2016,Hawks,jeff_teague,Jeff Teague,201952,2009,ATL,1,0.837,0.862,0.846609,"Teague, Marquis",Brooklyn,Y,nets,2013,Nets,marquis_teague,Marquis Teague,203104,2012,BKN,1,-1,-1,0.688610,"Teletovic, Mirza",Phoenix,Y,suns,2016,Suns,mirza_teletovic,Mirza Teletovic,203141,2012,PHX,1,0.774,0.717,0.71611,"Telfair, Sebastian",,Y,,2014,,sebastian_telfair,Sebastian Telfair,2742,2004,,0,-1,0.706,-1612,"Temple, Garrett",Washington,Y,wizards,2016,Wizards,garrett_temple,Garrett Temple,202066,2009,WAS,1,0.728,0.729,0.698613,"Terry, Jason",Houston,Y,rockets,2016,Rockets,jason_terry,Jason Terry,1891,1999,HOU,1,0.818,0.813,0.667614,"Thabeet, Hasheem",Oklahoma City,Y,thunder,2013,Thunder,hasheem_thabeet,Hasheem Thabeet,201934,2009,OKC,1,-1,-1,0.2615,"Thomas, Adonis",Philadelphia,Y,sixers,2013,76ers,adonis_thomas,Adonis Thomas,203519,2013,PHI,1,-1,-1,1616,"Thomas, Isaiah",Boston,Y,celtics,2016,Celtics,isaiah_thomas,Isaiah Thomas,202738,2011,BOS,1,0.871,0.872,0.85617,"Thomas, Lance",New York,Y,knicks,2016,Knicks,lance_thomas,Lance Thomas,202498,2011,NYK,1,0.857,0.697,0.5618,"Thomas, Malcolm",Utah,Y,jazz,2014,Jazz,malcolm_thomas,Malcolm Thomas,202952,2011,UTA,1,-1,0.692,0619,"Thomas, Malcolm",,Y,,2014,,malcolm_thomas,Malcolm Thomas,202952,2011,,0,-1,0.692,0620,"Thomas, Tyrus",,Y,,2014,,tyrus_thomas,Tyrus Thomas,200748,2006,,0,-1,1,-1621,"Thompson, Hollis",Philadelphia,Y,sixers,2016,76ers,hollis_thompson,Hollis Thompson,203138,2013,PHI,1,0.719,0.708,0.712622,"Thompson, Jason",Toronto,Y,raptors,2016,Raptors,jason_thompson,Jason Thompson,201574,2008,TOR,1,0.625,0.622,0.579623,"Thompson, Klay",Golden State,Y,warriors,2016,Warriors,klay_thompson,Klay Thompson,202691,2011,GSW,1,0.873,0.879,0.795624,"Thompson, Tristan",Cleveland,Y,cavaliers,2016,Cavaliers,tristan_t_thompson,Tristan Thompson,202684,2011,CLE,1,0.616,0.641,0.693625,"Thornton, Marcus",Washington,Y,wizards,2016,Wizards,marcus_t_thornton,Marcus Thornton,201977,2009,WAS,1,0.879,0.824,0.808626,"Tinsley, Jamaal",,Y,,2013,,jamaal_tinsley,Jamaal Tinsley,2224,2001,,0,-1,-1,0627,"Tolliver, Anthony",Detroit,Y,pistons,2016,Pistons,anthony_tolliver,Anthony Tolliver,201229,2008,DET,1,0.617,0.667,0.805628,"Toupane, Axel",Denver,Y,nuggets,2016,Nuggets,axel_toupane,Axel Toupane,1626253,2015,DEN,1,0.765,-1,-1629,"Towns, Karl-Anthony",Minnesota,Y,timberwolves,2016,Timberwolves,karl-anthony_towns,Karl-Anthony Towns,1626157,2015,MIN,1,0.811,-1,-1630,"Tucker, PJ",Phoenix,Y,suns,2016,Suns,pj_tucker,PJ Tucker,200782,2006,PHX,1,0.746,0.727,0.776631,"Turiaf, Ronny",Minnesota,Y,timberwolves,2014,Timberwolves,ronny_turiaf,Ronny Turiaf,101142,2005,MIN,1,-1,0,0.42632,"Turiaf, Ronny",,Y,,2014,,ronny_turiaf,Ronny Turiaf,101142,2005,,0,-1,0,0.42633,"Turkoglu, Hedo",Los Angeles,Y,clippers,2014,Clippers,hidayet_turkoglu,Hedo Turkoglu,2045,2000,LAC,1,-1,0.545,0.5634,"Turner, Evan",Boston,Y,celtics,2016,Celtics,evan_turner,Evan Turner,202323,2010,BOS,1,0.827,0.752,0.829635,"Turner, Myles",Indiana,Y,pacers,2016,Pacers,myles_turner,Myles Turner,1626167,2015,IND,1,0.727,-1,-1636,"Tyler, Jeremy",New York,Y,knicks,2013,Knicks,jeremy_tyler,Jeremy Tyler,202719,2011,NYK,1,-1,-1,0.542637,"Udoh, Ekpe",Los Angeles,Y,clippers,2014,Clippers,ekpe_udoh,Ekpe Udoh,202327,2010,LAC,1,-1,0.778,0.638638,"Udrih, Beno",,Y,,2016,,beno_udrih,Beno Udrih,2757,2004,,0,1,0.853,0.833639,"Valanciunas, Jonas",Toronto,Y,raptors,2016,Raptors,jonas_valanciunas,Jonas Valanciunas,202685,2012,TOR,1,0.761,0.786,0.762640,"Varejao, Anderson",Golden State,Y,warriors,2016,Warriors,anderson_varejao,Anderson Varejao,2760,2004,GSW,1,0.762,0.733,0.681641,"Varnado, Jarvis",Philadelphia,Y,sixers,2013,76ers,jarvis_varnado,Jarvis Varnado,202363,2012,PHI,1,-1,-1,0642,"Vasquez, Greivis",Milwaukee,Y,bucks,2016,Bucks,greivis_vasquez,Greivis Vasquez,202349,2010,MIL,1,0.846,0.758,0.938643,"Vaughn, Rashad",Milwaukee,Y,bucks,2016,Bucks,rashad_vaughn,Rashad Vaughn,1626173,2015,MIL,1,0.8,-1,-1644,"Vesely, Jan",Denver,Y,nuggets,2013,Nuggets,jan_vesely,Jan Vesely,202686,2011,DEN,1,-1,-1,0.267645,"Villanueva, Charlie",Dallas,Y,mavericks,2015,Mavericks,charlie_villanueva,Charlie Villanueva,101111,2005,DAL,1,0.917,0.571,0.571646,"Vonleh, Noah",Portland,Y,blazers,2016,Trail Blazers,noah_vonleh,Noah Vonleh,203943,2014,POR,1,0.745,0.692,-1647,"Vucevic, Nikola",Orlando,Y,magic,2016,Magic,nikola_vucevic,Nikola Vucevic,202696,2011,ORL,1,0.753,0.752,0.766648,"Vujacic, Sasha",New York,Y,knicks,2016,Knicks,sasha_vujacic,Sasha Vujacic,2756,2004,NYK,1,0.821,-1,0649,"Wade, Dwyane",Miami,Y,heat,2016,Heat,dwyane_wade,Dwyane Wade,2548,2003,MIA,1,0.793,0.768,0.733650,"Waiters, Dion",Oklahoma City,Y,thunder,2016,Thunder,dion_waiters,Dion Waiters,203079,2012,OKC,1,0.713,0.783,0.685651,"Walker, Henry",Miami,Y,heat,2014,Heat,henry_walker,Henry Walker,201611,2008,MIA,1,-1,0.778,-1652,"Walker, Kemba",Charlotte,Y,hornets,2016,Hornets,kemba_walker,Kemba Walker,202689,2011,CHA,1,0.847,0.827,0.837653,"Wall, John",Washington,Y,wizards,2016,Wizards,john_wall,John Wall,202322,2010,WAS,1,0.791,0.785,0.805654,"Wallace, Gerald",Boston,Y,celtics,2014,Celtics,gerald_wallace,Gerald Wallace,2222,2001,BOS,1,-1,0.4,0.465655,"Ware, Casper",Philadelphia,Y,sixers,2013,76ers,casper_ware,Casper Ware,203810,2013,PHI,1,-1,-1,0.833656,"Warren, TJ",Phoenix,Y,suns,2016,Suns,tj_warren,TJ Warren,203933,2014,PHX,1,0.703,0.737,-1657,"Watson, CJ",Orlando,Y,magic,2016,Magic,cj_watson,CJ Watson,201228,2007,ORL,1,0.872,0.826,0.784658,"Watson, Earl",Portland,Y,blazers,2013,Trail Blazers,earl_watson,Earl Watson,2248,2001,POR,1,-1,-1,1659,"Wayns, Maalik",,Y,,2013,,maalik_wayns,Maalik Wayns,203146,2012,,0,-1,-1,0660,"Wear, David",,Y,,2014,,david_wear,David Wear,204033,2014,,0,-1,0,-1661,"Wear, Travis",New York,Y,knicks,2016,Knicks,travis_wear,Travis Wear,204037,2014,NYK,1,-1,0.769,-1662,"Weber, Briante",Miami,Y,heat,2016,Heat,briante_weber,Briante Weber,1627362,2015,MIA,1,0.75,-1,-1663,"Webster, Martell",Washington,Y,wizards,2014,Wizards,martell_webster,Martell Webster,101110,2005,WAS,1,-1,0.75,0.84664,"Weems, Sonny",,Y,,2015,,sonny_weems,Sonny Weems,201603,2008,,0,0.538,-1,-1665,"West, David",San Antonio,Y,spurs,2016,Spurs,david_west,David West,2561,2003,SAS,1,0.788,0.739,0.789666,"Westbrook, Russell",Oklahoma City,Y,thunder,2016,Thunder,russell_westbrook,Russell Westbrook,201566,2008,OKC,1,0.812,0.835,0.826667,"White, DJ",Charlotte,Y,hornets,2013,Bobcats,dj_white,DJ White,201591,2008,CHA,1,-1,-1,0668,"White, Royce",,Y,,2013,,royce_white,Royce White,203091,2012,,0,-1,-1,0669,"Whiteside, Hassan",Miami,Y,heat,2016,Heat,hassan_whiteside,Hassan Whiteside,202355,2010,MIA,1,0.65,0.5,-1670,"Whittington, Shayne",Indiana,Y,pacers,2015,Pacers,shayne_whittington,Shayne Whittington,203963,2014,IND,1,0.5,0.783,-1671,"Wiggins, Andrew",Minnesota,Y,timberwolves,2016,Timberwolves,andrew_wiggins,Andrew Wiggins,203952,2014,MIN,1,0.761,0.76,-1672,"Wilcox, CJ",LA,Y,clippers,2016,Clippers,cj_wilcox,CJ Wilcox,203912,2014,LAC,1,0.75,1,-1673,"Williams, Alan",Phoenix,Y,suns,2016,Suns,alan_williams,Alan Williams,1626210,2015,PHX,1,0.643,-1,-1674,"Williams, Deron",Dallas,Y,mavericks,2016,Mavericks,deron_williams,Deron Williams,101114,2005,DAL,1,0.869,0.834,0.801675,"Williams, Derrick",New York,Y,knicks,2016,Knicks,derrick_williams,Derrick Williams,202682,2011,NYK,1,0.758,0.684,0.875676,"Williams, Elliot",,Y,,2016,,elliot_williams,Elliot Williams,202343,2010,,0,0.75,0.5,0.731677,"Williams, Lou",Los Angeles,Y,lakers,2016,Lakers,louis_williams,Lou Williams,101150,2005,LAL,1,0.83,0.861,0.849678,"Williams, Marvin",Charlotte,Y,hornets,2016,Hornets,marvin_williams,Marvin Williams,101107,2005,CHA,1,0.833,0.713,0.781679,"Williams, Mo",Cleveland,Y,cavaliers,2016,Cavaliers,maurice_williams,Mo Williams,2590,2003,CLE,1,0.905,0.851,0.876680,"Williams, Reggie",San Antonio,Y,spurs,2014,Spurs,reggie_williams,Reggie Williams,202130,2009,SAS,1,-1,1,0681,"Williams, Shawne",Detroit,Y,pistons,2014,Pistons,shawne_williams,Shawne Williams,200761,2006,DET,1,-1,0.848,0.7682,"Winslow, Justise",Miami,Y,heat,2016,Heat,justise_winslow,Justise Winslow,1626159,2015,MIA,1,0.684,-1,-1683,"Withey, Jeff",Utah,Y,jazz,2016,Jazz,jeff_withey,Jeff Withey,203481,2013,UTA,1,0.729,0.68,0.712684,"Wolters, Nate",Milwaukee,Y,bucks,2014,Bucks,nate_wolters,Nate Wolters,203489,2013,MIL,1,-1,0.25,0.656685,"Wolters, Nate",,Y,,2014,,nate_wolters,Nate Wolters,203489,2013,,0,-1,0.25,0.656686,"Wood, Christian",Philadelphia,Y,sixers,2016,76ers,christian_wood,Christian Wood,1626174,2015,PHI,1,0.619,-1,-1687,"World Peace, Metta",Los Angeles,Y,lakers,2016,Lakers,metta_world_peace,Metta World Peace,1897,1999,LAL,1,0.702,-1,0.625688,"Wright, Brandan",Memphis,Y,grizzlies,2016,Grizzlies,brandan_wright,Brandan Wright,201148,2007,MEM,1,0.542,0.75,0.726689,"Wright, Chris",Milwaukee,Y,bucks,2013,Bucks,chris_wright,Chris Wright,202874,2011,MIL,1,-1,-1,0.4690,"Wright, Delon",Toronto,Y,raptors,2016,Raptors,delon_wright,Delon Wright,1626153,2015,TOR,1,0.743,-1,-1691,"Wright, Dorell",Portland,Y,blazers,2016,Trail Blazers,dorell_wright,Dorell Wright,2748,2004,POR,1,-1,0.81,0.754692,"Wroten, Tony",New York,Y,knicks,2016,Knicks,tony_wroten,Tony Wroten,203100,2012,NYK,1,0.541,0.667,0.641693,"Young, James",Boston,Y,celtics,2016,Celtics,james_young,James Young,203923,2014,BOS,1,0.25,0.552,-1694,"Young, Joe",Indiana,Y,pacers,2016,Pacers,joe_young,Joe Young,1626202,2015,IND,1,0.8,-1,-1695,"Young, Nick",Los Angeles,Y,lakers,2016,Lakers,nick_young,Nick Young,201156,2007,LAL,1,0.829,0.892,0.825696,"Young, Thaddeus",Brooklyn,Y,nets,2016,Nets,thaddeus_young,Thaddeus Young,201152,2007,BKN,1,0.644,0.682,0.712697,"Zeller, Cody",Charlotte,Y,hornets,2016,Hornets,cody_zeller,Cody Zeller,203469,2013,CHA,1,0.754,0.774,0.73698,"Zeller, Tyler",Boston,Y,celtics,2016,Celtics,tyler_zeller,Tyler Zeller,203092,2012,BOS,1,0.815,0.823,0.719